Time,Raw Value,Voltage
1311.982531527,0,0
1311.986333771,2976,1.6
1311.989693124,2976,1.602
1311.99306531,2976,1.602
1311.996398329,2976,1.602
1311.999743738,2976,1.6
1312.003054572,2976,1.6
1312.006629463,2976,1.6
1312.01008626,2992,1.6
1312.013402465,2976,1.6
1312.016549094,2992,1.6
1312.019694316,2976,1.6
1312.022856501,2992,1.6
1312.025993982,2976,1.6
1312.029167222,2976,1.6
1312.032294407,2976,1.6
1312.039604579,2976,1.6
1312.046463452,2992,1.6
1312.050216029,2976,1.598
1312.053787679,2976,1.6
1312.057231551,2976,1.6
1312.060363199,2960,1.6
1312.063532976,2976,1.598
1312.06667092,2976,1.598
1312.069845142,2976,1.6
1312.072977086,2976,1.6
1312.076190994,2992,1.6
1312.079365568,2992,1.6
1312.082530604,2976,1.6
1312.085685715,2960,1.6
1312.0888384,2976,1.6
1312.092102678,2992,1.6
1312.095244567,2976,1.6
1312.098397381,2976,1.6
1312.101554751,2976,1.598
1312.104718196,3008,1.6
1312.107862584,2976,1.602
1312.111005121,2976,1.6
1312.114163787,2976,1.6
1312.11732512,2976,1.6
1312.120476842,2992,1.6
1312.123634249,2976,1.6
1312.126869935,2976,1.6
1312.130003193,2992,1.598
1312.138569947,2976,1.6
1312.145443523,2976,1.6
1312.149157415,2992,1.598
1312.152312618,2992,1.6
1312.155479674,2976,1.6
1312.158621303,2992,1.6
1312.16177734,2992,1.6
1312.164925543,2976,1.598
1312.168084172,2976,1.602
1312.171236357,2976,1.6
1312.174509321,2976,1.6
1312.177710598,2992,1.6
1312.180845431,2992,1.6
1312.18402995,2992,1.6
1312.187160523,2976,1.6
1312.190345542,2976,1.6
1312.193462337,2976,1.602
1312.196636393,2976,1.6
1312.199748522,2976,1.6
1312.202919503,2976,1.6
1312.206031392,2976,1.6
1312.209206484,2976,1.6
1312.212429688,2976,1.6
1312.215595132,2976,1.6
1312.218694279,2992,1.6
1312.221852113,2976,1.6
1312.224955853,2976,1.6
1312.228121241,2992,1.6
1312.231242537,2976,1.6
1312.238588172,2992,1.6
1312.245410971,2976,1.6
1312.249141548,2992,1.6
1312.252271214,2976,1.6
1312.255555085,2976,1.6
1312.258673399,2976,1.6
1312.26184264,2976,1.6
1312.264962084,2976,1.6
1312.268133565,2992,1.6
1312.27126075,2976,1.598
1312.274416564,2976,1.6
1312.27763149,2960,1.6
1312.280798656,2976,1.6
1312.283966323,2976,1.6
1312.287137174,2992,1.6
1312.2902931,2992,1.6
1312.29356973,2992,1.6
1312.296728211,2992,1.6
1312.299873563,2976,1.6
1312.303035766,2976,1.6
1312.306207655,2976,1.6
1312.309356376,2976,1.6
1312.31256595,2976,1.6
1312.315755876,2976,1.6
1312.318904913,2976,1.6
1312.322068931,2976,1.6
1312.325205949,2992,1.6
1312.328352171,2992,1.6
1312.331649246,2976,1.6
1312.339527254,2976,1.602
1312.346502053,2960,1.6
1312.350231871,2992,1.6
1312.353404852,2976,1.6
1312.356575056,2992,1.6
1312.359743796,2976,1.598
1312.362921278,2976,1.6
1312.366097981,2976,1.6
1312.369259425,2992,1.602
1312.37241698,2976,1.6
1312.375629758,2976,1.6
1312.378883592,2976,1.6
1312.382039406,2992,1.6
1312.385153757,2976,1.6
1312.388306794,2976,1.6
1312.391416405,2992,1.6
1312.394577071,2976,1.6
1312.397702811,2976,1.598
1312.400868774,2992,1.6
1312.403975329,2992,1.6
1312.407153458,2976,1.6
1312.410246735,2992,1.6
1312.413543606,2976,1.6
1312.416649217,2976,1.6
1312.419811827,2976,1.6
1312.422922197,2976,1.6
1312.426085715,2976,1.6
1312.429190881,2976,1.6
1312.432347992,2976,1.6
1312.440534225,2992,1.6
1312.447489246,2976,1.6
1312.451201082,2960,1.6
1312.454382323,2992,1.6
1312.457505619,2992,1.6
1312.460773378,2976,1.6
1312.463897526,2992,1.6
1312.467067822,2976,1.6
1312.470179858,2976,1.6
1312.473306469,2992,1.6
1312.476433524,2976,1.6
1312.479542468,2992,1.6
1312.482701708,2992,1.6
1312.485872412,2960,1.6
1312.489051282,2976,1.6
1312.492239485,2976,1.602
1312.495408133,2992,1.6
1312.498697115,2992,1.6
1312.501855244,2976,1.598
1312.505033003,2976,1.6
1312.508194133,2960,1.6
1312.511351855,2976,1.6
1312.51452928,2976,1.6
1312.51772291,2976,1.6
1312.520894521,2992,1.6
1312.524066669,2992,1.6
1312.527247613,2992,1.6
1312.530417205,2976,1.6
1312.537615247,2992,1.6
1312.544637583,2976,1.6
1312.548407309,2976,1.6
1312.551590364,2976,1.6
1312.554766271,2976,1.598
1312.557937753,2976,1.6
1312.561114549,2976,1.6
1312.564287808,2992,1.598
1312.567452141,2976,1.6
1312.570614492,2976,1.6
1312.57380664,2976,1.6
1312.577013455,2992,1.6
1312.580231585,2992,1.6
1312.583393195,2976,1.6
1312.586506176,2976,1.6
1312.589658287,2976,1.602
1312.592778916,2976,1.6
1312.59595186,2976,1.602
1312.599044063,2976,1.6
1312.602205063,2960,1.598
1312.605332044,2976,1.6
1312.608493581,2976,1.6
1312.611599636,2976,1.6
1312.614750154,2976,1.6
1312.617978339,2992,1.6
1312.621141931,2976,1.598
1312.624257283,2976,1.6
1312.627407542,2992,1.6
1312.630512615,2976,1.6
1312.638569365,2976,1.598
1312.645474609,2992,1.6
1312.649217371,2976,1.6
1312.652336611,2976,1.6
1312.655496055,2976,1.6
1312.658594962,2976,1.6
1312.661746906,2976,1.6
1312.664972647,2976,1.6
1312.668143535,2976,1.6
1312.671245794,2976,1.6
1312.674403071,2976,1.6
1312.677556516,2992,1.6
1312.68070946,2992,1.6
1312.683877811,2992,1.6
1312.687050885,2976,1.6
1312.690210329,2976,1.602
1312.693381125,2976,1.6
1312.696533847,2976,1.6
1312.699698439,2976,1.6
1312.702973903,2976,1.6
1312.706159347,2976,1.6
1312.709327384,2976,1.6
1312.712493661,2976,1.602
1312.715666105,2992,1.6
1312.718833253,2976,1.598
1312.722006642,2992,1.6
1312.725162123,2976,1.6
1312.72833729,2976,1.6
1312.731499993,2976,1.6
1312.738516811,2992,1.598
1312.744634865,2976,1.6
1312.748404868,2992,1.6
1312.751568664,2976,1.6
1312.754752127,2960,1.6
1312.757928071,2976,1.6
1312.761098293,2976,1.602
1312.76426157,2976,1.602
1312.767417774,2976,1.6
1312.770588422,2976,1.6
1312.773763033,2976,1.6
1312.776950644,2976,1.6
1312.780076236,2992,1.6
1312.783366292,2976,1.6
1312.786490087,2976,1.6
1312.789612624,2992,1.602
1312.792719568,2976,1.6
1312.795884123,2992,1.6
1312.799006456,2976,1.598
1312.8021799,2976,1.6
1312.805280492,2992,1.6
1312.808434529,2976,1.6
1312.811536324,2976,1.6
1312.814743935,2976,1.6
1312.817894879,2976,1.6
1312.821136435,2992,1.6
1312.824261564,2976,1.6
1312.827364397,2976,1.6
1312.830469415,2976,1.598
1312.839540856,2976,1.6
1312.846482414,2976,1.6
1312.850222991,2992,1.6
1312.853310213,2976,1.6
1312.856478787,2992,1.6
1312.859572879,2976,1.602
1312.862758675,2976,1.6
1312.865998916,2992,1.598
1312.869171804,2976,1.6
1312.872281841,2960,1.6
1312.875447618,2976,1.598
1312.878639211,2992,1.598
1312.881812044,2992,1.6
1312.884991136,2976,1.6
1312.888154765,2976,1.6
1312.891313006,2976,1.6
1312.894455561,2976,1.6
1312.897610876,2976,1.6
1312.900776134,2976,1.6
1312.904075098,2976,1.6
1312.907215246,2976,1.6
1312.910379912,2976,1.6
1312.913534838,2976,1.602
1312.91671193,2976,1.6
1312.91987793,2992,1.6
1312.923039781,2976,1.6
1312.92618704,2976,1.6
1312.929342077,2992,1.6
1312.937570309,2976,1.6
1312.94452259,2976,1.6
1312.948250575,2976,1.598
1312.951526556,2976,1.598
1312.954671149,2992,1.6
1312.95781387,2976,1.6
1312.960983963,2992,1.6
1312.964148648,2992,1.598
1312.967284277,2976,1.602
1312.970436888,2976,1.6
1312.973592498,2976,1.6
1312.976810721,2992,1.6
1312.979913461,2976,1.6
1312.983096701,2976,1.6
1312.986205367,2976,1.6
1312.989454812,2992,1.602
1312.992580441,2976,1.6
1312.99575507,2992,1.6
1312.998872199,2976,1.6
1313.002028051,2976,1.6
1313.005141606,2976,1.6
1313.008310643,2992,1.6
1313.011413716,2976,1.6
1313.014544919,2976,1.6
1313.017700345,2992,1.6
1313.02085003,2976,1.6
1313.024130308,2976,1.6
1313.027264567,2976,1.6
1313.030409251,2976,1.6
1313.038556428,2976,1.6
1313.045503024,2992,1.6
1313.049200063,2976,1.6
1313.052327544,2992,1.6
1313.055468025,2976,1.6
1313.058607544,2976,1.6
1313.061758969,2992,1.6
1313.064885524,2992,1.6
1313.068037635,2976,1.598
1313.071285246,2976,1.6
1313.074436875,2976,1.6
1313.077638023,2976,1.598
1313.08082169,2976,1.6
1313.083997245,2992,1.6
1313.087151838,2976,1.6
1313.090290689,2976,1.602
1313.093435003,2992,1.6
1313.096589225,2976,1.6
1313.099762132,2976,1.6
1313.10291028,2976,1.6
1313.106041706,2976,1.6
1313.10930628,2992,1.6
1313.112466669,2976,1.602
1313.115653854,2976,1.6
1313.118810853,2976,1.6
1313.121971112,2976,1.6
1313.125135223,2976,1.6
1313.128314075,2992,1.602
1313.137546665,2992,1.6
1313.144509038,2976,1.6
1313.148241356,2992,1.6
1313.151365856,2976,1.6
1313.154536948,2976,1.598
1313.1578188,2976,1.6
1313.160973781,2976,1.6
1313.164128577,2976,1.6
1313.167280447,2992,1.6
1313.170432613,2992,1.6
1313.173584687,2992,1.6
1313.176725131,2976,1.6
1313.179855575,2976,1.6
1313.183014316,2976,1.6
1313.186154963,2976,1.6
1313.189307018,2960,1.6
1313.192537593,2976,1.6
1313.195697259,2976,1.602
1313.198833999,2992,1.6
1313.202013944,2976,1.6
1313.205129036,2976,1.6
1313.208317369,2976,1.6
1313.21143222,2976,1.598
1313.214606683,2976,1.6
1313.217726293,2976,1.6
1313.220899978,2976,1.6
1313.224014885,2976,1.6
1313.227162162,2976,1.6
1313.230413514,2976,1.598
1313.238585506,2992,1.6
1313.245519453,2976,1.6
1313.249251697,2976,1.598
1313.25237453,2976,1.6
1313.255537715,2960,1.6
1313.25866714,2976,1.6
1313.261813362,2960,1.6
1313.264961158,2976,1.6
1313.268117695,2976,1.598
1313.271216731,2976,1.6
1313.274375416,2976,1.602
1313.277660231,2976,1.6
1313.280798712,2976,1.6
1313.283922248,2992,1.6
1313.287061174,2976,1.6
1313.290199655,2976,1.6
1313.293348228,2976,1.598
1313.296502784,2976,1.6
1313.299661487,2976,1.6
1313.302797227,2976,1.6
1313.305927023,2976,1.6
1313.309095912,2992,1.6
1313.312356319,2992,1.598
1313.315598042,2960,1.6
1313.318744893,2992,1.6
1313.321877578,2976,1.602
1313.325041096,2976,1.6
1313.328184929,2992,1.6
1313.331320521,2976,1.598
1313.337547853,2976,1.598
1313.344488022,2976,1.598
1313.348012524,2992,1.6
1313.351133931,2976,1.6
1313.35423993,2976,1.6
1313.357471486,2992,1.6
1313.360597707,2976,1.6
1313.363728133,2976,1.6
1313.366858132,2992,1.6
1313.369985465,2976,1.6
1313.373134187,2976,1.6
1313.376360742,2960,1.6
1313.379487501,2976,1.6
1313.382655316,2976,1.598
1313.385759185,2976,1.6
1313.3889265,2976,1.6
1313.392033203,2992,1.6
1313.395340796,2992,1.6
1313.39845674,2976,1.6
1313.401600239,2976,1.6
1313.404709202,2976,1.6
1313.407869942,2976,1.598
1313.410979812,2976,1.598
1313.41413183,2976,1.6
1313.417234663,2976,1.6
1313.420415607,2976,1.6
1313.423527458,2976,1.6
1313.426694513,2976,1.6
1313.429795549,2976,1.6
1313.433057605,2976,1.6
1313.440530111,2976,1.6
1313.446654313,2976,1.6
1313.450530483,2976,1.6
1313.453675001,2976,1.598
1313.456795982,2992,1.6
1313.459949519,2976,1.6
1313.463073204,2976,1.6
1313.466221833,2976,1.598
1313.469325295,2992,1.6
1313.472513665,2976,1.6
1313.475759702,2992,1.6
1313.478937758,2992,1.6
1313.482081368,2976,1.6
1313.485207368,2976,1.6
1313.488359867,2976,1.598
1313.491512311,2960,1.6
1313.494682811,2976,1.6
1313.497839329,2976,1.6
1313.500980403,2976,1.602
1313.504124273,2960,1.6
1313.507294532,2992,1.6
1313.510415957,2976,1.598
1313.513636365,2992,1.6
1313.51678892,2976,1.6
1313.519915271,2992,1.6
1313.5230474,2992,1.6
1313.526194714,2976,1.6
1313.529312473,2976,1.6
1313.532441324,2976,1.598
1313.539541254,2976,1.6
1313.546558072,2992,1.6
1313.550332631,2976,1.598
1313.553492575,2992,1.6
1313.556651223,2976,1.6
1313.559937019,2976,1.6
1313.563057667,2976,1.6
1313.566211833,2976,1.598
1313.569349499,2976,1.6
1313.572466499,2976,1.598
1313.575584276,2976,1.602
1313.578732109,2976,1.6
1313.58189946,2976,1.6
1313.585020497,2976,1.6
1313.58817933,2976,1.6
1313.591283514,2992,1.6
1313.594409162,2992,1.6
1313.597687273,2976,1.6
1313.600793495,2992,1.6
1313.603944957,2960,1.6
1313.60708892,2976,1.6
1313.610209142,2992,1.6
1313.613372456,2976,1.6
1313.61650703,2992,1.6
1313.619677326,2976,1.6
1313.622797732,2976,1.598
1313.625940565,2960,1.6
1313.62905838,2976,1.6
1313.632345639,2976,1.6
1313.639489699,2976,1.6
1313.6455764,2992,1.6
1313.649291551,2976,1.6
1313.652446921,2976,1.6
1313.655555958,2976,1.6
1313.658717124,2976,1.6
1313.661824494,2976,1.6
1313.664981604,2976,1.598
1313.668093715,2976,1.6
1313.6712604,2976,1.6
1313.674365232,2992,1.6
1313.6777014,2992,1.6
1313.680859548,2976,1.6
1313.684027121,2992,1.6
1313.687180621,2976,1.6
1313.690345972,2976,1.602
1313.693504713,2976,1.6
1313.696691138,2992,1.6
1313.699868712,2976,1.6
1313.703031286,2976,1.6
1313.706190786,2976,1.6
1313.709351063,2976,1.598
1313.712513007,2992,1.6
1313.715784674,2976,1.6
1313.718877544,2976,1.598
1313.721995673,2976,1.6
1313.725117857,2992,1.602
1313.728213949,2976,1.6
1313.731372504,2976,1.6
1313.739567089,2976,1.6
1313.745696327,2992,1.6
1313.749557831,2976,1.6
1313.75271796,2976,1.6
1313.755885219,2960,1.6
1313.758997515,2976,1.6
1313.762297571,2992,1.6
1313.76547946,2976,1.6
1313.768638478,2976,1.6
1313.771815607,2976,1.6
1313.774980403,2960,1.6
1313.778192051,2976,1.6
1313.781363755,2976,1.6
1313.784477921,2992,1.6
1313.787638568,2976,1.6
1313.790750309,2976,1.6
1313.793908567,2976,1.6
1313.797155919,2976,1.6
1313.800312882,2976,1.6
1313.803431807,2976,1.598
1313.806590066,2992,1.6
1313.809694899,2976,1.6
1313.812854658,2976,1.598
1313.81606401,2992,1.602
1313.819167953,2976,1.6
1313.822256082,2992,1.6
1313.825423304,2976,1.598
1313.828524655,2992,1.598
1313.831654062,2976,1.598
1313.83972309,2976,1.6
1313.846514388,2992,1.598
1313.850248039,2976,1.6
1313.853364761,2992,1.6
1313.85648652,2976,1.6
1313.859642741,2976,1.6
1313.862784352,2976,1.6
1313.865915166,2992,1.598
1313.869086129,2992,1.6
1313.872226277,2976,1.6
1313.87538535,2992,1.602
1313.87855072,2992,1.6
1313.881827387,2992,1.6
1313.884986757,2976,1.598
1313.888130257,2992,1.6
1313.891274164,2976,1.6
1313.894422367,2992,1.6
1313.897578589,2976,1.6
1313.900723496,2976,1.6
1313.903872403,2992,1.6
1313.907008143,2992,1.6
1313.910165124,2992,1.6
1313.913290568,3008,1.6
1313.916551735,3024,1.6
1313.919668512,3072,1.6
1313.922802178,3200,1.6
1313.925901344,3360,1.6
1313.929019584,3568,1.598
1313.932141454,3776,1.6
1313.938605473,4272,1.6
1313.945506475,4800,1.6
1313.94926983,5056,1.598
1313.952414274,5264,1.598
1313.955572793,5504,1.6
1313.958699829,5712,1.6
1313.961974089,5936,1.602
1313.965114088,6160,1.598
1313.968262254,6384,1.6
1313.971397791,6608,1.6
1313.97453029,6832,1.6
1313.977660901,7040,1.6
1313.980825178,7232,1.598
1313.983962567,7440,1.6
1313.987145178,7648,1.6
1313.990275029,7824,1.6
1313.993461195,8000,1.6
1313.996615862,8192,1.6
1313.999906807,8384,1.6
1314.003059565,8528,1.598
1314.006249176,8704,1.6
1314.009379602,8864,1.6
1314.012549009,9040,1.6
1314.015697897,9200,1.6
1314.018911342,9360,1.6
1314.022076175,9536,1.6
1314.02522273,9696,1.6
1314.028388803,9872,1.6
1314.031533544,10016,1.598
1314.038599695,10400,1.6
1314.045498883,10736,1.6
1314.049266238,10928,1.602
1314.052390978,11072,1.6
1314.055539311,11248,1.602
1314.058674663,11376,1.6
1314.061807366,11520,1.6
1314.064958421,11664,1.598
1314.068094365,11776,1.6
1314.071270365,11904,1.6
1314.074408475,12016,1.6
1314.077573901,12144,1.6
1314.080852642,12240,1.6
1314.084009493,12336,1.6
1314.087138122,12432,1.6
1314.090289344,12528,1.6
1314.09343527,12592,1.598
1314.09659301,12640,1.6
1314.099746047,12704,1.6
1314.10289525,12752,1.6
1314.106067379,12784,1.6
1314.109194231,12816,1.6
1314.112347082,12848,1.6
1314.115470711,12848,1.6
1314.118735174,12848,1.598
1314.121871581,12848,1.6
1314.124997988,12848,1.602
1314.128157969,12832,1.602
1314.131292321,12832,1.6
1314.138591807,12848,1.6
1314.145531662,12832,1.6
1314.149260257,12848,1.6
1314.152424516,12832,1.602
1314.155573034,12848,1.6
1314.158708515,12832,1.6
1314.161868774,12848,1.6
1314.165128219,12800,1.598
1314.168252589,12768,1.6
1314.171406736,12720,1.6
1314.174550532,12656,1.6
1314.177752736,12592,1.6
1314.180923828,12496,1.6
1314.184040605,12400,1.6
1314.187209438,12288,1.6
1314.190335178,12176,1.6
1314.193512141,12064,1.6
1314.196673585,11936,1.598
1314.199824881,11808,1.598
1314.203111752,11696,1.6
1314.206255937,11552,1.6
1314.209407103,11424,1.602
1314.212563325,11296,1.6
1314.215671065,11136,1.6
1314.218838416,10992,1.6
1314.221964064,10832,1.6
1314.225141915,10656,1.6
1314.228261581,10512,1.6
1314.231424711,10368,1.6
1314.238605474,9968,1.598
1314.245653255,9600,1.6
1314.249409925,9360,1.598
1314.252556628,9184,1.598
1314.25568698,9008,1.6
1314.258862554,8800,1.6
1314.261985664,8592,1.602
1314.265156775,8416,1.6
1314.268282367,8208,1.598
1314.271446181,8016,1.6
1314.274570181,7792,1.602
1314.277756829,7584,1.6
1314.280916458,7376,1.6
1314.284171032,7152,1.602
1314.287322902,6928,1.6
1314.290471253,6720,1.6
1314.293614383,6512,1.6
1314.296792086,6304,1.602
1314.299941511,6080,1.6
1314.303104344,5888,1.6
1314.306249251,5696,1.6
1314.309405584,5504,1.6
1314.312524158,5312,1.6
1314.315738065,5136,1.6
1314.318835231,4960,1.6
1314.32203749,4800,1.6
1314.325162267,4624,1.6
1314.328270803,4448,1.6
1314.331372858,4288,1.6
1314.338601937,3920,1.6
1314.34471999,3600,1.6
1314.348542327,3456,1.6
1314.351699308,3328,1.6
1314.35487066,3248,1.598
1314.358031141,3168,1.6
1314.361188455,3088,1.6
1314.364302899,3024,1.598
1314.367383342,2944,1.6
1314.370540435,2896,1.6
1314.373673453,2816,1.6
1314.376818989,2736,1.6
1314.3799841,2640,1.6
1314.383111451,2576,1.6
1314.386294414,2496,1.6
1314.389436524,2448,1.6
1314.392621135,2432,1.6
1314.395761598,2416,1.6
1314.398922764,2384,1.6
1314.402189172,2384,1.6
1314.405354523,2400,1.6
1314.408512708,2384,1.6
1314.411660152,2384,1.6
1314.414804133,2384,1.6
1314.417963725,2384,1.6
1314.421101965,2400,1.598
1314.424269094,2384,1.6
1314.427392538,2384,1.6
1314.430551316,2384,1.6
1314.438592195,2384,1.6
1314.445591143,2384,1.6
1314.449476368,2384,1.6
1314.452599627,2384,1.6
1314.455755608,2384,1.6
1314.458900237,2400,1.6
1314.462064755,2384,1.6
1314.465198514,2400,1.6
1314.468327977,2416,1.6
1314.471502587,2432,1.598
1314.47462579,2528,1.6
1314.477803272,2608,1.6
1314.480937271,2720,1.6
1314.484098474,2832,1.598
1314.487373493,2944,1.598
1314.490523011,3056,1.6
1314.493686326,3136,1.6
1314.496833473,3248,1.6
1314.499994399,3360,1.598
1314.503171547,3456,1.6
1314.50634212,3616,1.6
1314.509492675,3792,1.6
1314.512663583,3968,1.602
1314.515794471,4160,1.6
1314.518951822,4320,1.6
1314.522089951,4512,1.6
1314.525346748,4688,1.6
1314.528502488,4864,1.6
1314.531659802,5040,1.598
1314.538707195,5456,1.6
1314.545592049,5840,1.6
1314.549338811,6064,1.602
1314.552512515,6272,1.598
1314.555678403,6496,1.6
1314.558850644,6688,1.6
1314.561990587,6880,1.6
1314.565135513,7088,1.598
1314.568411309,7280,1.6
1314.571546661,7520,1.6
1314.574695957,7712,1.6
1314.577925753,7920,1.6
1314.581088178,8128,1.6
1314.584220363,8336,1.598
1314.5873834,8544,1.6
1314.590530807,8752,1.6
1314.593690084,8944,1.6
1314.596821935,9168,1.6
1314.599971213,9360,1.6
1314.60310486,9568,1.6
1314.60638886,9744,1.6
1314.60953886,9952,1.6
1314.612712656,10128,1.6
1314.615862933,10304,1.6
1314.619038729,10496,1.6
1314.622188784,10688,1.6
1314.625346951,10864,1.6
1314.628486154,11056,1.6
1314.63165445,11216,1.6
1314.638628342,11616,1.6
1314.645583715,12000,1.6
1314.649326273,12208,1.6
1314.652575866,12384,1.6
1314.65573244,12576,1.6
1314.658891921,12736,1.598
1314.662022383,12896,1.6
1314.665190697,13056,1.6
1314.668351382,13248,1.6
1314.671487271,13392,1.6
1314.674626289,13536,1.6
1314.677841474,13696,1.6
1314.680992547,13840,1.602
1314.684145732,13984,1.6
1314.687419269,14128,1.6
1314.690554602,14256,1.6
1314.693715342,14384,1.6
1314.696867379,14512,1.6
1314.700035416,14608,1.6
1314.703178156,14720,1.6
1314.706323322,14816,1.602
1314.709466099,14896,1.6
1314.712608673,14992,1.602
1314.715766802,15056,1.6
1314.718927283,15104,1.6
1314.722076357,15152,1.6
1314.72533919,15200,1.6
1314.728472745,15232,1.6
1314.731607819,15248,1.6
1314.739639291,15280,1.6
1314.745770233,15280,1.598
1314.749587348,15280,1.6
1314.75272931,15280,1.6
1314.75583881,15280,1.6
1314.759002235,15280,1.6
1314.762166938,15280,1.6
1314.765327383,15280,1.6
1314.768478864,15264,1.6
1314.771742179,15280,1.6
1314.774907826,15280,1.6
1314.778084807,15280,1.6
1314.781229326,15280,1.6
1314.784349436,15280,1.598
1314.78751625,15264,1.6
1314.790654787,15264,1.6
1314.793816361,15280,1.6
1314.796975823,15264,1.6
1314.80013523,15264,1.6
1314.803253748,15248,1.6
1314.806416062,15232,1.6
1314.809703452,15184,1.6
1314.812858377,15136,1.6
1314.816052358,15072,1.6
1314.819201358,15008,1.6
1314.822282024,14928,1.6
1314.825426708,14848,1.6
1314.828536134,14752,1.598
1314.831669781,14624,1.6
1314.839642605,14304,1.6
1314.845628472,14048,1.6
1314.849599643,13888,1.598
1314.852856032,13744,1.6
1314.856028458,13600,1.6
1314.859135198,13456,1.6
1314.862295142,13312,1.6
1314.865424808,13168,1.6
1314.868578641,13024,1.6
1314.871707992,12880,1.598
1314.874874973,12752,1.6
1314.878024028,12608,1.602
1314.88115462,12480,1.6
1314.884312194,12336,1.6
1314.887476823,12192,1.6
1314.890768546,12048,1.602
1314.893914434,11904,1.602
1314.897043637,11776,1.6
1314.900194822,11616,1.6
1314.903361507,11488,1.598
1314.906512636,11344,1.602
1314.909664673,11216,1.6
1314.912802617,11072,1.6
1314.915952301,10928,1.6
1314.919075504,10768,1.598
1314.922219967,10624,1.6
1314.925383263,10480,1.6
1314.928643319,10352,1.598
1314.931793151,10176,1.6
1314.93962603,9792,1.6
1314.945732046,9504,1.6
1314.949620383,9328,1.6
1314.952763512,9184,1.598
1314.955900253,9024,1.6
1314.959049789,8864,1.6
1314.962209289,8720,1.6
1314.965372474,8560,1.6
1314.968522566,8416,1.598
1314.971666343,8272,1.6
1314.974925565,8112,1.6
1314.978100269,7968,1.6
1314.981265416,7824,1.6
1314.984405657,7664,1.6
1314.987561027,7504,1.6
1314.990677915,7392,1.6
1314.993842526,7248,1.6
1314.996966747,7120,1.6
1315.000146358,6976,1.6
1315.003269691,6832,1.6
1315.00642795,6720,1.6
1315.009693894,6592,1.6
1315.012872616,6448,1.6
1315.016052116,6320,1.598
1315.019216578,6208,1.6
1315.02235293,6080,1.6
1315.0255283,5952,1.6
1315.028657447,5840,1.598
1315.031823577,5728,1.598
1315.03859106,5536,1.6
1315.044730984,5360,1.6
1315.048606006,5264,1.6
1315.051780469,5200,1.6
1315.055075173,5120,1.6
1315.058258024,5056,1.6
1315.061386524,5024,1.6
1315.06454282,4944,1.6
1315.06767193,4912,1.6
1315.070839263,4880,1.6
1315.073940207,4848,1.6
1315.077123244,4832,1.6
1315.080268151,4832,1.6
1315.083390428,4832,1.598
1315.086532742,4816,1.602
1315.089672927,4832,1.6
1315.092962316,4816,1.6
1315.09614276,4832,1.6
1315.099303667,4832,1.6
1315.102459148,4832,1.6
1315.105634426,4832,1.6
1315.108820055,4848,1.6
1315.111977555,4832,1.6
1315.115132369,4832,1.6
1315.118246942,4832,1.6
1315.121394016,4848,1.6
1315.124558053,4848,1.6
1315.127837794,4848,1.6
1315.13101459,4848,1.6
1315.139636139,4944,1.6
1315.145703359,5104,1.6
1315.149627641,5232,1.6
1315.152793437,5360,1.6
1315.155956566,5488,1.6
1315.159132417,5600,1.6
1315.162262213,5744,1.6
1315.165419472,5872,1.6
1315.168591509,6016,1.6
1315.171749286,6192,1.6
1315.175018286,6368,1.6
1315.178201286,6544,1.6
1315.181363582,6736,1.6
1315.18449897,6912,1.6
1315.187654785,7088,1.6
1315.190798266,7280,1.602
1315.193951617,7472,1.6
1315.197081672,7648,1.6
1315.200227838,7808,1.6
1315.203353801,8000,1.6
1315.206512337,8192,1.6
1315.209646596,8384,1.6
1315.212910115,8560,1.6
1315.216045225,8752,1.602
1315.219207854,8928,1.6
1315.222311687,9120,1.6
1315.225483909,9312,1.6
1315.228584741,9488,1.602
1315.231758926,9664,1.598
1315.239604397,10112,1.6
1315.245724914,10464,1.6
1315.24959164,10688,1.6
1315.252742065,10880,1.6
1315.255891805,11072,1.6
1315.259189565,11264,1.6
1315.262337435,11456,1.6
1315.265480971,11632,1.598
1315.268599934,11792,1.6
1315.271763822,11984,1.6
1315.27487647,12144,1.6
1315.278077358,12336,1.602
1315.281199043,12528,1.6
1315.284357876,12688,1.6
1315.28751156,12864,1.6
1315.290656171,13024,1.6
1315.293898264,13184,1.6
1315.297041615,13344,1.6
1315.300180466,13488,1.6
1315.303292225,13632,1.6
1315.306454502,13776,1.6
1315.309594946,13904,1.6
1315.312722705,14016,1.6
1315.315916427,14144,1.6
1315.319093482,14224,1.6
1315.322220518,14304,1.6
1315.325307054,14384,1.6
1315.328424887,14464,1.6
1315.331690646,14544,1.598
1315.339711322,14688,1.6
1315.345742097,14752,1.6
1315.349612971,14784,1.6
1315.352784471,14784,1.6
1315.355962748,14784,1.598
1315.359142655,14784,1.598
1315.362312155,14800,1.6
1315.365457895,14800,1.6
1315.368622432,14784,1.6
1315.371777116,14800,1.6
1315.374915394,14784,1.6
1315.378275709,14800,1.6
1315.381459968,14784,1.598
1315.384585041,14784,1.6
1315.387763078,14784,1.6
1315.3908643,14784,1.6
1315.39401754,14784,1.6
1315.397134687,14784,1.6
1315.400296039,14784,1.598
1315.403431557,14784,1.6
1315.406558963,14784,1.598
1315.409717907,14784,1.598
1315.412882574,14784,1.6
1315.416139203,14784,1.6
1315.419304999,14800,1.6
1315.422435628,14800,1.6
1315.425597406,14784,1.598
1315.428727127,14784,1.598
1315.431893719,14784,1.6
1315.438688925,14784,1.598
1315.445680891,14800,1.6
1315.449403023,14784,1.6
1315.452564652,14784,1.6
1315.455683837,14784,1.6
1315.458982041,14784,1.6
1315.462142577,14784,1.6
1315.465317633,14800,1.598
1315.468422613,14784,1.6
1315.471606946,14784,1.6
1315.474713538,14768,1.6
1315.477896093,14800,1.6
1315.481035111,14784,1.6
1315.484186148,14768,1.6
1315.487321592,14784,1.6
1315.490453591,14784,1.6
1315.49360035,14784,1.6
1315.496842998,14784,1.6
1315.499996201,14784,1.6
1315.503172979,14784,1.6
1315.506331534,14784,1.6
1315.509480422,14784,1.6
1315.512646385,14784,1.6
1315.51578518,14800,1.6
1315.51892605,14784,1.6
1315.522048679,14784,1.6
1315.525188679,14784,1.602
1315.528344345,14784,1.6
1315.531500307,14784,1.6
1315.538795405,14784,1.598
1315.544715438,14784,1.598
1315.548640591,14784,1.6
1315.551814646,14784,1.6
1315.554982942,14784,1.6
1315.558155867,14800,1.598
1315.561308256,14784,1.6
1315.564452033,14784,1.6
1315.567582162,14784,1.6
1315.570724161,14800,1.6
1315.573869068,14784,1.6
1315.577158494,14800,1.598
1315.58034542,14784,1.6
1315.583480734,14784,1.6
1315.586644678,14784,1.6
1315.589782492,14784,1.6
1315.592942344,14800,1.6
1315.596062677,14784,1.6
1315.599218732,14784,1.598
1315.602377416,14800,1.6
1315.605508027,14784,1.6
1315.608667045,14784,1.602
1315.611809785,14784,1.6
1315.615054711,14816,1.6
1315.61819384,14784,1.6
1315.621333747,14784,1.6
1315.62448908,14784,1.6
1315.627621894,14784,1.6
1315.63078506,14784,1.6
1315.638620142,14784,1.6
1315.645632238,14800,1.6
1315.649360315,14784,1.598
1315.65251987,14800,1.598
1315.655670073,14800,1.6
1315.658827443,14784,1.598
1315.662080573,14800,1.6
1315.665239572,14800,1.6
1315.668376238,14784,1.6
1315.671520071,14784,1.6
1315.674643718,14800,1.6
1315.677809162,14784,1.6
1315.680967829,14800,1.6
1315.68410681,14784,1.6
1315.687237846,14784,1.6
1315.690401123,14800,1.6
1315.693520715,14784,1.6
1315.696639678,14784,1.598
1315.699911381,14784,1.6
1315.703071825,14784,1.6
1315.706221936,14784,1.6
1315.709360028,14784,1.6
1315.712522972,14784,1.602
1315.715674157,14784,1.6
1315.718854693,14784,1.6
1315.722027082,14784,1.602
1315.725185563,14784,1.6
1315.728355618,14784,1.6
1315.731537062,14800,1.598
1315.739760702,14784,1.6
1315.745772755,14784,1.6
1315.749650832,14784,1.6
1315.75281611,14784,1.6
1315.75597322,14784,1.6
1315.759126776,14784,1.598
1315.762269405,14784,1.6
1315.7654287,14784,1.6
1315.768577996,14784,1.6
1315.771736366,14784,1.6
1315.774883069,14784,1.602
1315.778037921,14800,1.6
1315.781324921,14800,1.6
1315.784456587,14800,1.6
1315.787617753,14784,1.6
1315.790743549,14784,1.6
1315.793923104,14784,1.6
1315.797066381,14800,1.6
1315.800219492,14784,1.598
1315.803344325,14784,1.6
1315.806500806,14784,1.6
1315.809649342,14784,1.6
1315.812797212,14784,1.6
1315.815967489,14800,1.602
1315.819181823,14784,1.6
1315.822280211,14784,1.602
1315.825407451,14800,1.6
1315.828525672,14784,1.6
1315.83165995,14784,1.6
1315.839684162,14784,1.6
1315.84571403,14784,1.598
1315.849673534,14784,1.6
1315.852806422,14784,1.6
1315.855988218,14784,1.6
1315.859103347,14784,1.6
1315.862257217,14784,1.602
1315.865505606,14784,1.602
1315.868673717,14784,1.6
1315.871800494,14784,1.6
1315.874955901,14784,1.6
1315.878153641,14784,1.6
1315.881330641,14800,1.602
1315.8844949,14784,1.6
1315.887656862,14784,1.6
1315.890770176,14784,1.6
1315.893908231,14784,1.6
1315.897074879,14784,1.6
1315.900356768,14784,1.602
1315.903453342,14784,1.602
1315.906601934,14800,1.6
1315.909754285,14800,1.6
1315.912889933,14800,1.6
1315.916036062,14784,1.6
1315.919194598,14784,1.6
1315.922333449,14784,1.6
1315.92547519,14784,1.6
1315.928633356,14784,1.602
1315.931788578,14784,1.6
1315.939649419,14784,1.6
1315.94588264,14784,1.6
1315.94966118,14784,1.598
1315.952817013,14784,1.6
1315.955961771,14784,1.6
1315.959113197,14800,1.602
1315.962257344,14784,1.6
1315.965387566,14784,1.6
1315.968534621,14784,1.602
1315.971691472,14784,1.6
1315.974846861,14784,1.6
1315.978022935,14800,1.6
1315.981166823,14784,1.6
1315.984405897,14784,1.6
1315.987597693,14784,1.6
1315.990720748,14784,1.6
1315.993888933,14784,1.602
1315.997013451,14800,1.602
1316.000171617,14784,1.6
1316.003296135,14784,1.6
1316.006481579,14784,1.602
1316.009631837,14800,1.6
1316.012825578,14784,1.6
1316.015985818,14784,1.6
1316.0192648,14784,1.6
1316.022418022,14784,1.6
1316.025576503,14784,1.6
1316.028718984,14784,1.6
1316.031906057,14784,1.6
1316.039705176,14784,1.6
1316.045774526,14784,1.598
1316.049678937,14784,1.598
1316.052844899,14800,1.6
1316.056015547,14784,1.6
1316.059177936,14784,1.6
1316.062324583,14784,1.6
1316.065592917,14784,1.6
1316.06874112,14784,1.602
1316.071892212,14784,1.6
1316.075031545,14784,1.6
1316.07820523,14784,1.6
1316.081353692,14784,1.6
1316.084506006,14784,1.6
1316.087675376,14784,1.6
1316.090829876,14784,1.6
1316.093969709,14784,1.6
1316.097133819,14784,1.6
1316.100304578,14800,1.6
1316.103589893,14784,1.598
1316.106747559,14784,1.602
1316.109924818,14800,1.6
1316.113075447,14784,1.6
1316.116226521,14784,1.598
1316.119359409,14784,1.6
1316.122540853,14784,1.6
1316.125686964,14800,1.6
1316.128842815,14784,1.6
1316.131944185,14784,1.598
1316.139745526,14784,1.6
1316.14575469,14784,1.6
1316.149771342,14784,1.598
1316.152932212,14800,1.6
1316.156106601,14784,1.6
1316.159243934,14784,1.6
1316.162378618,14784,1.6
1316.16550834,14784,1.598
1316.168670636,14784,1.6
1316.171829839,14784,1.598
1316.174977042,14784,1.6
1316.178183023,14784,1.6
1316.181355208,14784,1.6
1316.184628097,14784,1.6
1316.187799523,14784,1.6
1316.190956411,14800,1.6
1316.194135689,14800,1.6
1316.197273484,14800,1.602
1316.200445688,14800,1.598
1316.203580113,14784,1.6
1316.206745187,14784,1.6
1316.209888983,14800,1.6
1316.213060353,14784,1.6
1316.216206796,14800,1.598
1316.219376648,14784,1.6
1316.222654074,14784,1.6
1316.225820407,14784,1.6
1316.228969295,14784,1.598
1316.232133054,14784,1.598
1316.239669023,14800,1.6
1316.245762688,14784,1.598
1316.249631302,14784,1.598
1316.252805172,14784,1.598
1316.255962987,14784,1.6
1316.259145931,14784,1.6
1316.262286449,14784,1.6
1316.265454745,14800,1.6
1316.268720986,14784,1.6
1316.271883133,14800,1.598
1316.275035873,14784,1.602
1316.278180651,14784,1.6
1316.281325706,14784,1.6
1316.284500057,14784,1.6
1316.287638334,14784,1.6
1316.2908025,14784,1.6
1316.29395513,14800,1.6
1316.297079462,14784,1.6
1316.300232795,14784,1.6
1316.303369591,14784,1.6
1316.306500849,14784,1.6
1316.309655682,14800,1.602
1316.312813848,14784,1.6
1316.315965681,14800,1.6
1316.319206144,14784,1.6
1316.322331162,14784,1.6
1316.325412235,14784,1.602
1316.328543179,14800,1.6
1316.331645548,14784,1.6
1316.340760322,14784,1.598
1316.347651788,14784,1.6
1316.355363813,14784,1.6
1316.35854085,14784,1.602
1316.36169072,14784,1.598
1316.364825163,14784,1.6
1316.367981848,14784,1.6
1316.371145607,14784,1.6
1316.37431444,14784,1.602
1316.377497273,14784,1.602
1316.380630124,14784,1.6
1316.383781216,14784,1.6
1316.386921327,14784,1.6
1316.390184882,14800,1.6
1316.393333567,14784,1.6
1316.396463066,14784,1.6
1316.399594769,14784,1.598
1316.402696657,14784,1.6
1316.405821268,14784,1.598
1316.408956526,14784,1.6
1316.412081581,14784,1.6
1316.415206821,14784,1.598
1316.418347154,14784,1.602
1316.421473968,14784,1.598
1316.424611319,14784,1.6
1316.427842597,14784,1.598
1316.430963541,14784,1.596
1316.434089947,14768,1.594
1316.440693411,14784,1.58
1316.446759816,14784,1.56
1316.450659135,14784,1.544
1316.453790097,14784,1.536
1316.456918133,14800,1.524
1316.460045873,14784,1.512
1316.463160817,14800,1.502
1316.466318242,14800,1.488
1316.469564298,14784,1.476
1316.472667575,14784,1.464
1316.475785611,14800,1.454
1316.478933666,14784,1.438
1316.482084869,14784,1.426
1316.485247906,14784,1.412
1316.488402868,14800,1.396
1316.491561238,14784,1.382
1316.494701589,14784,1.364
1316.497878608,14784,1.348
1316.501035977,14784,1.328
1316.504188977,14784,1.312
1316.507427551,14784,1.294
1316.51056018,14800,1.278
1316.513671864,14784,1.258
1316.516811012,14784,1.24
1316.519969678,14800,1.222
1316.523113566,14784,1.202
1316.526280714,14784,1.186
1316.529405213,14800,1.166
1316.532555639,14800,1.146
1316.539743791,14784,1.104
1316.545802918,14784,1.066
1316.549659458,14784,1.042
1316.552915144,14784,1.024
1316.556058532,14784,1.002
1316.559181457,14784,0.986
1316.562340642,14784,0.966
1316.565509938,14784,0.946
1316.56867903,14784,0.928
1316.571853381,14784,0.91
1316.575047214,14784,0.892
1316.57824427,14784,0.872
1316.58139588,14784,0.856
1316.584534083,14800,0.838
1316.587809102,14784,0.82
1316.590959157,14784,0.804
1316.594097119,14784,0.784
1316.597232748,14800,0.768
1316.600379933,14784,0.752
1316.603507136,14784,0.734
1316.60661608,14784,0.718
1316.609773301,14784,0.702
1316.612925375,14784,0.688
1316.616064559,14784,0.67
1316.619209837,14784,0.658
1316.622349318,14784,0.642
1316.625611984,14784,0.626
1316.628755058,14784,0.612
1316.631915724,14784,0.598
1316.639651824,14784,0.566
1316.645766581,14784,0.542
1316.649632455,14784,0.524
1316.652760732,14784,0.51
1316.655880324,14784,0.498
1316.659044342,14784,0.486
1316.662194452,14784,0.474
1316.665345618,14784,0.462
1316.668493136,14768,0.45
1316.671740321,14784,0.44
1316.674893821,14784,0.428
1316.678045932,14784,0.416
1316.681211876,14800,0.404
1316.684406875,14784,0.394
1316.687566801,14800,0.382
1316.690721726,14784,0.374
1316.693867651,14800,0.364
1316.697008762,14800,0.356
1316.700149687,14784,0.348
1316.703281779,14784,0.34
1316.706437038,14784,0.33
1316.70969539,14784,0.328
1316.712830778,14784,0.32
1316.715968574,14784,0.314
1316.719103906,14784,0.308
1316.722249665,14784,0.302
1316.725408498,14784,0.296
1316.728543257,14784,0.292
1316.7316772,14784,0.288
1316.739703283,14784,0.286
1316.745771522,14768,0.284
1316.749661229,14800,0.284
1316.752938451,14784,0.284
1316.756096155,14784,0.286
1316.759255098,14784,0.29
1316.762397153,14784,0.288
1316.765532023,14800,0.29
1316.768677893,14784,0.294
1316.771827244,14784,0.3
1316.774982003,14784,0.31
1316.77811828,14784,0.316
1316.781252724,14784,0.328
1316.78439926,14784,0.34
1316.787536445,14784,0.356
1316.790827056,14800,0.372
1316.793966056,14784,0.386
1316.797117666,14800,0.404
1316.800299721,14784,0.424
1316.803410961,14800,0.442
1316.806521387,14800,0.46
1316.809620201,14784,0.482
1316.812745367,14800,0.502
1316.81586644,14784,0.524
1316.81911281,14784,0.55
1316.822245958,14784,0.576
1316.825372716,14800,0.602
1316.828669661,14784,0.63
1316.831789216,14784,0.656
1316.839735983,14784,0.73
1316.845782629,14784,0.788
1316.849650244,14784,0.824
1316.852775169,14784,0.854
1316.855880261,14784,0.886
1316.859007149,14800,0.918
1316.862139926,14784,0.948
1316.865275796,14784,0.976
1316.868390814,14784,1.006
1316.871543517,14784,1.036
1316.874784794,14784,1.068
1316.877925794,14784,1.098
1316.881066312,14784,1.126
1316.884236237,14784,1.154
1316.887374885,14784,1.184
1316.890514458,14800,1.212
1316.893639421,14784,1.24
1316.89676529,14784,1.264
1316.899900327,14784,1.292
1316.903018844,14784,1.318
1316.90613451,14784,1.342
1316.90940451,14800,1.368
1316.912536232,14784,1.394
1316.915673991,14800,1.416
1316.91880212,14784,1.442
1316.921955434,14784,1.462
1316.925087581,14784,1.486
1316.928205581,14784,1.506
1316.93133871,14784,1.524
1316.939697609,14800,1.574
1316.945785699,14784,1.604
1316.949691462,14784,1.622
1316.952831388,14784,1.636
1316.956100518,14768,1.648
1316.959230295,14784,1.662
1316.962380294,14784,1.674
1316.965512423,14784,1.68
1316.968638052,14784,1.692
1316.971769681,14784,1.702
1316.974914292,14784,1.71
1316.978073032,14800,1.716
1316.981216846,14784,1.724
1316.984367771,14800,1.73
1316.987515419,14784,1.736
1316.990660881,14784,1.742
1316.993915659,14800,1.744
1316.997060066,14784,1.746
1317.000181417,14784,1.746
1317.003301194,14784,1.748
1317.006432305,14784,1.748
1317.009557026,14800,1.748
1317.012686803,14784,1.75
1317.015813006,14784,1.748
1317.018977543,14800,1.748
1317.022088209,14800,1.748
1317.025237616,14784,1.75
1317.028492708,14800,1.748
1317.031672689,14784,1.748
1317.040703537,14784,1.746
1317.046760331,14784,1.74
1317.050709761,14784,1.734
1317.053832186,14784,1.73
1317.05697763,14784,1.724
1317.060120333,14784,1.718
1317.063266444,14784,1.708
1317.066399536,14784,1.698
1317.069547535,14784,1.69
1317.072675997,14784,1.682
1317.075924627,14784,1.67
1317.079141405,14784,1.658
1317.082288663,14800,1.646
1317.085423237,14784,1.634
1317.088556032,14784,1.622
1317.091717421,14784,1.608
1317.094873828,14784,1.592
1317.098037753,14784,1.574
1317.101155789,14784,1.558
1317.104265752,14800,1.544
1317.10741077,14800,1.524
1317.110560787,14800,1.504
1317.113798973,14784,1.484
1317.116956268,14784,1.464
1317.120087971,14784,1.446
1317.123210508,14800,1.426
1317.126332489,14784,1.402
1317.129486562,14784,1.38
1317.132628673,14784,1.358
1317.140711941,14784,1.306
1317.146766457,14784,1.262
1317.150671535,14800,1.232
1317.153777053,14784,1.212
1317.156913107,14784,1.192
1317.160171126,14800,1.168
1317.163331107,14784,1.144
1317.166472458,14784,1.122
1317.169621773,14784,1.1
1317.172758235,14800,1.074
1317.175925197,14784,1.05
1317.179081789,14800,1.026
1317.18224977,14784,1.0
1317.185396196,14784,0.976
1317.18852801,14800,0.952
1317.191663158,14784,0.928
1317.194932213,14800,0.906
1317.198072546,14784,0.88
1317.201203953,14784,0.854
1317.204329137,14784,0.83
1317.207458414,14784,0.81
1317.210606414,14800,0.788
1317.213755506,14784,0.762
1317.216900783,14784,0.74
1317.220078005,14784,0.718
1317.223217337,14800,0.696
1317.226384356,14800,0.676
1317.22953004,14784,0.652
1317.23275604,14784,0.63
1317.239709117,14784,0.586
1317.246675212,14768,0.542
1317.25042777,14784,0.52
1317.253555603,14784,0.502
1317.256676714,14784,0.486
1317.259807491,14784,0.47
1317.262971824,14784,0.454
1317.26611223,14800,0.436
1317.269254285,14784,0.424
1317.272373803,14800,0.41
1317.275499006,14800,0.398
1317.278742099,14784,0.386
1317.281902728,14784,0.374
1317.285046486,14784,0.362
1317.288182597,14784,0.356
1317.291333874,14768,0.346
1317.294471984,14800,0.338
1317.297600261,14800,0.33
1317.300721094,14800,0.324
1317.30386513,14784,0.318
1317.307011,14784,0.318
1317.310177055,14800,0.312
1317.313326036,14784,0.312
1317.316441628,14784,0.31
1317.31971185,14784,0.31
1317.322852257,14784,0.31
1317.325971386,14800,0.312
1317.329125663,14784,0.312
1317.33226244,14784,0.31
1317.339721501,14784,0.312
1317.345749091,14784,0.316
1317.349718614,14784,0.32
1317.352852539,14784,0.328
1317.355981871,14784,0.336
1317.359254205,14784,0.346
1317.362377908,14784,0.36
1317.365497333,14784,0.372
1317.368626517,14800,0.386
1317.371775683,14784,0.402
1317.374930664,14784,0.418
1317.378056145,14800,0.434
1317.381180348,14784,0.452
1317.384321236,14784,0.47
1317.387463643,14784,0.486
1317.39060568,14784,0.506
1317.393739623,14784,0.524
1317.39699692,14784,0.546
1317.400125641,14784,0.566
1317.403245066,14784,0.588
1317.406360991,14784,0.614
1317.409484343,14784,0.636
1317.412610879,14784,0.66
1317.415722248,14784,0.682
1317.418865211,14784,0.708
1317.421999543,14784,0.734
1317.425126117,14800,0.76
1317.428269561,14800,0.784
1317.431384412,14784,0.81
1317.434645726,14768,0.834
1317.441770211,14784,0.896
1317.447753616,14784,0.944
1317.451663008,14784,0.976
1317.454799193,14784,1.0
1317.457941433,14784,1.028
1317.461046136,14800,1.05
1317.46415095,14784,1.074
1317.467261764,14784,1.098
1317.470386374,14784,1.124
1317.47351067,14784,1.148
1317.476624984,14784,1.174
1317.479894762,14784,1.198
1317.483043243,14784,1.22
1317.486161242,14768,1.242
1317.489278371,14800,1.266
1317.492425611,14800,1.29
1317.495578036,14784,1.31
1317.498721054,14768,1.334
1317.501834238,14784,1.352
1317.504961367,14784,1.374
1317.508069015,14768,1.396
1317.511181477,14784,1.414
1317.514419699,14800,1.434
1317.517547791,14784,1.452
1317.52067692,14784,1.47
1317.523811234,14784,1.488
1317.526946178,14784,1.502
1317.53008401,14784,1.516
1317.533199898,14784,1.53
1317.540750534,14800,1.566
1317.546793087,14768,1.59
1317.550700813,14784,1.604
1317.553831608,14784,1.616
1317.556960515,14784,1.624
1317.560216552,14784,1.636
1317.56334457,14784,1.644
1317.566489032,14784,1.65
1317.569634569,14784,1.658
1317.57278005,14784,1.666
1317.575906604,14784,1.672
1317.579096308,14784,1.678
1317.582207214,14784,1.682
1317.585327121,14784,1.686
1317.588463583,14800,1.688
1317.591616731,14784,1.692
1317.594773619,14784,1.694
1317.598045823,14784,1.694
1317.601166248,14784,1.696
1317.604276358,14784,1.692
1317.607393913,14784,1.696
1317.610530912,14800,1.694
1317.613660264,14784,1.694
1317.616803522,14784,1.694
1317.619939466,14784,1.696
1317.623079336,14784,1.694
1317.626256002,14784,1.694
1317.629433131,14800,1.692
1317.632671057,14784,1.692
1317.639772264,14784,1.692
1317.646668488,14784,1.692
1317.650388973,14768,1.688
1317.653500824,14768,1.684
1317.656622434,14800,1.684
1317.659759804,14784,1.678
1317.662922192,14800,1.67
1317.666071617,14800,1.662
1317.669218598,14784,1.656
1317.672374598,14800,1.648
1317.675507097,14784,1.642
1317.678639615,14784,1.63
1317.681785577,14784,1.618
1317.684942947,14784,1.606
1317.688073187,14784,1.594
1317.691201446,14784,1.584
1317.694360964,14784,1.568
1317.697506944,14784,1.552
1317.700625721,14800,1.536
1317.703749202,14784,1.52
1317.706862146,14800,1.506
1317.710011312,14784,1.488
1317.7131417,14784,1.472
1317.716393404,14784,1.452
1317.719534755,14784,1.436
1317.722681032,14784,1.416
1317.725824865,14784,1.398
1317.728946179,14784,1.38
1317.732078456,14784,1.358
1317.740721968,14784,1.308
1317.746747151,14784,1.27
1317.750686377,14784,1.248
1317.753802228,14784,1.228
1317.756926986,14784,1.212
1317.76005193,14800,1.19
1317.7633148,14784,1.172
1317.766421466,14768,1.15
1317.769534706,14784,1.13
1317.772656205,14784,1.108
1317.775776927,14800,1.09
1317.778901482,14800,1.068
1317.782013907,14784,1.048
1317.785163869,14784,1.024
1317.788307554,14784,1.002
1317.791429405,14784,0.984
1317.794530293,14784,0.962
1317.797790571,14784,0.942
1317.800905274,14800,0.92
1317.80403594,14768,0.902
1317.807181513,14800,0.882
1317.810339975,14784,0.862
1317.813464549,14800,0.846
1317.816603196,14784,0.828
1317.819826122,14784,0.812
1317.822980399,14784,0.794
1317.826116658,14784,0.778
1317.829248176,14800,0.766
1317.832401101,14784,0.75
1317.839868699,14784,0.72
1317.845771733,14784,0.702
1317.849674366,14784,0.69
1317.85280218,14784,0.682
1317.855902049,14784,0.674
1317.859014345,14784,0.666
1317.862150863,14800,0.662
1317.865269992,14800,0.656
1317.868376361,14800,0.648
1317.871493397,14784,0.646
1317.874600711,14784,0.64
1317.877763415,14784,0.636
1317.881025378,14784,0.634
1317.88416847,14784,0.63
1317.887281117,14784,0.632
1317.890399505,14784,0.63
1317.893516115,14784,0.632
1317.896654985,14800,0.63
1317.899798225,14784,0.63
1317.902926002,14784,0.63
1317.906040668,14784,0.63
1317.909167019,14784,0.63
1317.912313741,14800,0.628
1317.915465481,14784,0.63
1317.91873074,14784,0.63
1317.921885795,14784,0.63
1317.925004239,14784,0.632
1317.928146738,14784,0.63
1317.93128096,14784,0.628
1317.939750953,14768,0.628
1317.945801839,14784,0.63
1317.94970175,14784,0.628
1317.952821119,14784,0.63
1317.9559421,14784,0.63
1317.959064729,14784,0.63
1317.962345155,14800,0.63
1317.965460006,14800,0.628
1317.968603876,14784,0.628
1317.971712783,14784,0.63
1317.97484393,14784,0.632
1317.978054948,14800,0.628
1317.981223114,14784,0.628
1317.984377151,14784,0.628
1317.987489057,14784,0.63
1317.990626575,14800,0.63
1317.993771686,14784,0.63
1317.996919148,14784,0.63
1318.000193222,14784,0.63
1318.00331261,14784,0.628
1318.006432776,14800,0.628
1318.009547368,14784,0.63
1318.012675256,14784,0.63
1318.015823015,14800,0.63
1318.019001922,14800,0.63
1318.022125162,14800,0.63
1318.025248291,14784,0.63
1318.028379235,14784,0.63
1318.031516178,14784,0.63
1318.039756744,14784,0.628
1318.04594552,14784,0.63
1318.049708078,14784,0.628
1318.052833689,14784,0.63
1318.055961373,14784,0.63
1318.059101076,14784,0.63
1318.062262631,14800,0.628
1318.065422575,14800,0.628
1318.068550408,14784,0.628
1318.07171287,14784,0.628
1318.074826962,14784,0.63
1318.077995702,14784,0.63
1318.081264665,14784,0.63
1318.084426405,14800,0.63
1318.087564442,14784,0.63
1318.090710034,14784,0.63
1318.093827459,14784,0.63
1318.096983884,14784,0.63
1318.100117735,14784,0.628
1318.10326055,14784,0.628
1318.106393141,14784,0.63
1318.109527159,14784,0.63
1318.112659048,14784,0.63
1318.115772602,14784,0.63
1318.119043232,14784,0.628
1318.122192343,14800,0.63
1318.12533012,14784,0.63
1318.128457286,14784,0.63
1318.131582748,14784,0.63
1318.139817406,14784,0.63
1318.146735649,14784,0.63
1318.150461244,14768,0.628
1318.153583058,14784,0.628
1318.156726965,14784,0.628
1318.159858335,14800,0.63
1318.162997297,14784,0.63
1318.16623063,14784,0.63
1318.169348815,14784,0.628
1318.17246411,14784,0.63
1318.17557985,14784,0.632
1318.178709312,14800,0.632
1318.181825089,14800,0.63
1318.184958496,14784,0.628
1318.188085773,14800,0.63
1318.191211032,14784,0.628
1318.194325846,14784,0.63
1318.197458863,14800,0.632
1318.200575863,14800,0.628
1318.203812585,14784,0.63
1318.206920732,14816,0.628
1318.21002562,14784,0.632
1318.21314273,14784,0.63
1318.216279156,14800,0.628
1318.219400618,14784,0.628
1318.222532173,14784,0.63
1318.225658376,14800,0.63
1318.228795671,14784,0.63
1318.231915837,14800,0.63
1318.239789826,14784,0.628
1318.245944324,14784,0.63
1318.249762902,14784,0.628
1318.252888549,14784,0.628
1318.256007122,14784,0.628
1318.25911477,14784,0.63
1318.262236084,14784,0.63
1318.265363602,14784,0.628
1318.268504897,14784,0.628
1318.2716166,14800,0.63
1318.274750229,14784,0.63
1318.277874302,14784,0.63
1318.281039561,14784,0.63
1318.284158634,14784,0.628
1318.287287134,14784,0.63
1318.290406762,14784,0.63
1318.293537058,14784,0.63
1318.296669057,14800,0.63
1318.299792223,14784,0.63
1318.302931611,14784,0.632
1318.306063166,14784,0.63
1318.309198517,14784,0.63
1318.312335017,14784,0.628
1318.315481127,14784,0.628
1318.318603811,14784,0.63
1318.321960034,14784,0.63
1318.325095552,14800,0.63
1318.328224773,14784,0.628
1318.331412643,14784,0.63
1318.339785598,14784,0.63
1318.345867374,14784,0.63
1318.349752544,14768,0.63
1318.352893932,14784,0.63
1318.356014653,14784,0.63
1318.359132541,14784,0.63
1318.362247022,14784,0.628
1318.365375688,14784,0.628
1318.368602466,14784,0.628
1318.371732131,14800,0.63
1318.374850334,14784,0.63
1318.378026667,14800,0.63
1318.381178704,14784,0.63
1318.384317407,14784,0.63
1318.387438258,14784,0.63
1318.390560831,14784,0.63
1318.393713293,14784,0.63
1318.3968402,14800,0.63
1318.39996994,14800,0.628
1318.403214699,14800,0.63
1318.406326624,14784,0.63
1318.409437401,14784,0.63
1318.412561215,14784,0.63
1318.415665973,14784,0.63
1318.418804491,14784,0.63
1318.421925546,14784,0.63
1318.425034416,14784,0.63
1318.428166896,14784,0.63
1318.431295803,14784,0.63
1318.439755832,14784,0.63
1318.4458382,14800,0.63
1318.44982389,14784,0.63
1318.452952148,14784,0.628
1318.456054758,14800,0.63
1318.45916848,14784,0.63
1318.462280071,14800,0.63
1318.465406422,14784,0.63
1318.468534792,14800,0.632
1318.471658588,14768,0.63
1318.47478555,14784,0.632
1318.477952679,14784,0.63
1318.481123419,14784,0.63
1318.484272474,14784,0.628
1318.487520659,14784,0.63
1318.490671788,14800,0.63
1318.493804417,14784,0.628
1318.496957453,14800,0.63
1318.500097471,14784,0.63
1318.503224267,14784,0.628
1318.506344914,14784,0.628
1318.509470117,14784,0.63
1318.512589931,14784,0.628
1318.515705782,14800,0.63
1318.518850596,14784,0.63
1318.522001633,14784,0.63
1318.525270651,14800,0.63
1318.528415299,14800,0.63
1318.531549446,14800,0.63
1318.539802511,14784,0.63
1318.545773934,14784,0.63
1318.549743272,14784,0.63
1318.552876567,14784,0.63
1318.555997159,14784,0.63
1318.559120343,14784,0.63
1318.562235768,14784,0.628
1318.56536112,14800,0.628
1318.568628749,14784,0.63
1318.571759471,14784,0.63
1318.574883877,14784,0.63
1318.578086673,14784,0.63
1318.581220802,14800,0.632
1318.58435369,14768,0.63
1318.587481338,14784,0.63
1318.590618504,14784,0.628
1318.593744207,14800,0.628
1318.596864632,14784,0.63
1318.59997452,14784,0.63
1318.603118352,14784,0.63
1318.606357686,14784,0.63
1318.609490259,14800,0.63
1318.612604573,14784,0.63
1318.615743831,14784,0.628
1318.61888772,14800,0.632
1318.622030645,14784,0.63
1318.625175774,14784,0.63
1318.628323977,14784,0.632
1318.631455772,14784,0.628
1318.639760209,14800,0.628
1318.645859095,14800,0.63
1318.649748413,14784,0.628
1318.652986784,14784,0.63
1318.656097598,14784,0.628
1318.659219523,14784,0.63
1318.662343522,14784,0.628
1318.66543978,14784,0.63
1318.668564039,14784,0.63
1318.671710464,14784,0.628
1318.674885297,14784,0.628
1318.678044389,14800,0.63
1318.681168981,14784,0.63
1318.684310869,14768,0.63
1318.68757661,14784,0.628
1318.690709257,14800,0.628
1318.693828515,14784,0.628
1318.696961978,14784,0.63
1318.700083347,14784,0.63
1318.703222643,14784,0.628
1318.706332642,14784,0.63
1318.709451549,14784,0.63
1318.712573455,14784,0.63
1318.715696806,14784,0.63
1318.718822639,14784,0.632
1318.721962064,14784,0.63
1318.725217305,14784,0.632
1318.72834423,14784,0.63
1318.731465396,14784,0.63
1318.739752406,14800,0.63
1318.745814848,14800,0.63
1318.749753833,14784,0.63
1318.752878832,14784,0.63
1318.756021146,14784,0.63
1318.759140627,14784,0.63
1318.762262163,14784,0.63
1318.765372885,14784,0.63
1318.768490699,14800,0.63
1318.771769662,14784,0.63
1318.774919087,14784,0.63
1318.778076197,14784,0.628
1318.781220586,14784,0.63
1318.784357344,14784,0.63
1318.787475436,14800,0.632
1318.790587342,14800,0.628
1318.793720194,14784,0.628
1318.796833322,14800,0.63
1318.799950859,14784,0.63
1318.803074839,14784,0.63
1318.806202894,14784,0.63
1318.809438801,14784,0.628
1318.812563412,14784,0.632
1318.815690041,14784,0.63
1318.818830095,14784,0.63
1318.822073021,14784,0.628
1318.825195928,14784,0.63
1318.828306168,14784,0.63
1318.831444834,14784,0.63
1318.834576444,14800,0.63
1318.843829719,14784,0.628
1318.849828253,14784,0.63
1318.853848239,14784,0.63
1318.85695796,14784,0.628
1318.860079941,14784,0.63
1318.863184718,14784,0.628
1318.866294957,14784,0.63
1318.869410068,14784,0.63
1318.87253866,14800,0.63
1318.875648566,14784,0.63
1318.878853788,14784,0.63
1318.881995398,14800,0.628
1318.88515125,14784,0.63
1318.88830986,14800,0.632
1318.891568249,14784,0.63
1318.894708693,14784,0.63
1318.897862526,14784,0.63
1318.901016858,14800,0.63
1318.904140191,14784,0.628
1318.907260153,14800,0.63
1318.910362522,14784,0.63
1318.913487262,14800,0.63
1318.916617873,14784,0.63
1318.919735076,14784,0.63
1318.92285789,14800,0.63
1318.925997741,14784,0.628
1318.929248648,14800,0.63
1318.932380296,14784,0.628
1318.939779282,14784,0.63
1318.945877502,14784,0.63
1318.949742042,14784,0.628
1318.952883653,14784,0.628
1318.956030522,14784,0.628
1318.959160985,14784,0.63
1318.962316336,14784,0.632
1318.965458761,14784,0.63
1318.968605372,14784,0.63
1318.971761315,14800,0.63
1318.975017501,14784,0.628
1318.978165222,14784,0.63
1318.981309314,14784,0.63
1318.98443798,14784,0.63
1318.987563368,14784,0.63
1318.990692515,14800,0.628
1318.993828552,14800,0.63
1318.996964051,14784,0.63
1319.000105606,14800,0.63
1319.003246753,14800,0.63
1319.006381882,14784,0.63
1319.009634456,14784,0.63
1319.012766752,14800,0.628
1319.015895825,14784,0.63
1319.019080528,14784,0.63
1319.022237806,14784,0.63
1319.025380879,14800,0.628
1319.028516249,14784,0.632
1319.031659507,14784,0.63
1319.039806109,14784,0.63
1319.046769797,14784,0.63
1319.050537207,14784,0.628
1319.053668929,14784,0.63
1319.056915206,14784,0.63
1319.060050131,14800,0.63
1319.063158408,14784,0.63
1319.066297019,14784,0.628
1319.069427407,14784,0.63
1319.072560702,14800,0.63
1319.07567372,14784,0.628
1319.078862479,14800,0.63
1319.081988941,14784,0.628
1319.085142478,14800,0.63
1319.08828131,14784,0.63
1319.091427124,14784,0.63
1319.094665254,14784,0.63
1319.097790623,14784,0.63
1319.10092353,14800,0.63
1319.104048733,14784,0.63
1319.107160899,14784,0.63
1319.110284046,14800,0.632
1319.113402212,14784,0.628
1319.116537471,14784,0.63
1319.119669933,14784,0.63
1319.122781339,14800,0.63
1319.125891653,14800,0.632
1319.129142227,14784,0.63
1319.132245949,14784,0.63
1319.139816714,14784,0.63
1319.145843933,14784,0.63
1319.14975453,14784,0.628
1319.152889362,14800,0.628
1319.156014787,14784,0.63
1319.159139786,14816,0.628
1319.162256341,14784,0.63
1319.165370785,14784,0.63
1319.168499543,14784,0.63
1319.171632024,14800,0.63
1319.174876394,14800,0.632
1319.178009153,14784,0.63
1319.181130097,14784,0.63
1319.184251373,14784,0.63
1319.187377669,14784,0.63
1319.190526724,14784,0.628
1319.193645816,14784,0.63
1319.196770037,14784,0.63
1319.19990187,14784,0.63
1319.203019517,14768,0.628
1319.206131072,14800,0.628
1319.209278738,14800,0.63
1319.212526793,14784,0.628
1319.215641237,14784,0.63
1319.218758495,14784,0.63
1319.22189218,14784,0.63
1319.225015364,14784,0.63
1319.228134308,14784,0.63
1319.231247992,14800,0.63
1319.239784967,14768,0.63
1319.245840723,14784,0.63
1319.249770875,14784,0.63
1319.252915782,14784,0.63
1319.256027188,14768,0.63
1319.25929004,14784,0.63
1319.262412095,14800,0.63
1319.265523372,14784,0.63
1319.268654353,14784,0.63
1319.271759555,14784,0.63
1319.274896573,14784,0.632
1319.278027609,14784,0.63
1319.281144535,14784,0.63
1319.284273108,14784,0.63
1319.287395292,14784,0.63
1319.290521773,14800,0.63
1319.293785402,14784,0.63
1319.296925865,14784,0.628
1319.300091716,14784,0.63
1319.303241586,14784,0.63
1319.306368196,14784,0.63
1319.30951038,14784,0.628
1319.31264812,14784,0.628
1319.315772212,14784,0.63
1319.318896433,14784,0.628
1319.322123322,14784,0.63
1319.325264914,14800,0.63
1319.328390672,14800,0.628
1319.331670284,14784,0.63
1319.339820552,14784,0.63
1319.345886734,14784,0.63
1319.349785627,14800,0.628
1319.352911071,14784,0.63
1319.356028644,14784,0.63
1319.359135513,14784,0.63
1319.362252827,14784,0.63
1319.365380845,14784,0.628
1319.368498585,14784,0.63
1319.371621177,14784,0.63
1319.374737713,14784,0.63
1319.378042324,14784,0.63
1319.381173675,14800,0.63
1319.384315008,14784,0.63
1319.387456155,14784,0.63
1319.390591488,14800,0.63
1319.39370469,14784,0.63
1319.396823745,14800,0.63
1319.399954152,14800,0.63
1319.403074558,14784,0.63
1319.406204669,14784,0.628
1319.409322742,14784,0.63
1319.412435019,14800,0.628
1319.415665463,14784,0.63
1319.418785592,14784,0.628
1319.421898295,14800,0.63
1319.425020423,14784,0.63
1319.428146182,14784,0.632
1319.431249329,14800,0.628
1319.434369736,14784,0.63
1319.441799074,14784,0.63
1319.447907571,14784,0.63
1319.451813223,14784,0.63
1319.454933833,14784,0.63
1319.458169926,14784,0.63
1319.461291481,14784,0.63
1319.464410109,14784,0.628
1319.467513071,14784,0.63
1319.470637885,14784,0.63
1319.473774533,14784,0.63
1319.476908606,14784,0.63
1319.480097976,14800,0.63
1319.483231827,14784,0.63
1319.486362678,14784,0.63
1319.489492011,14800,0.63
1319.492623343,14784,0.63
1319.495868213,14784,0.628
1319.499024935,14784,0.63
1319.502147101,14784,0.63
1319.50526097,14784,0.628
1319.508369803,14800,0.63
1319.511476617,14784,0.628
1319.514605486,14784,0.63
1319.517737097,14800,0.628
1319.520867818,14784,0.63
1319.52399428,14784,0.63
1319.527137928,14784,0.63
1319.530271834,14784,0.63
1319.533550353,14784,0.63
1319.541811788,14768,0.63
1319.54784336,14784,0.628
1319.551779252,14784,0.63
1319.554936141,14784,0.63
1319.558075121,14784,0.63
1319.561200861,14784,0.63
1319.564339268,14784,0.63
1319.567467971,14800,0.63
1319.5706321,14784,0.63
1319.573784155,14784,0.63
1319.577035136,14800,0.63
1319.58018395,14800,0.628
1319.58330706,14784,0.63
1319.586430226,14784,0.63
1319.589561188,14784,0.63
1319.592686484,14784,0.63
1319.595805428,14784,0.63
1319.598938853,14784,0.628
1319.602082445,14784,0.63
1319.605230425,14784,0.63
1319.608338758,14800,0.63
1319.611463053,14784,0.63
1319.614719998,14800,0.632
1319.617867071,14784,0.63
1319.620988255,14784,0.63
1319.624098773,14784,0.632
1319.627233624,14784,0.628
1319.630357494,14784,0.63
1319.633511493,14784,0.63
1319.641866744,14800,0.632
1319.647934186,14784,0.63
1319.651836986,14784,0.63
1319.654970318,14784,0.63
1319.658096762,14784,0.63
1319.661349984,14800,0.628
1319.664502372,14784,0.63
1319.667640686,14784,0.628
1319.670809297,14784,0.63
1319.673941296,14800,0.63
1319.677100555,14784,0.632
1319.680270258,14784,0.628
1319.683419424,14784,0.628
1319.686592127,14784,0.63
1319.68972833,14784,0.63
1319.692862866,14784,0.63
1319.695994291,14784,0.63
1319.699256402,14800,0.628
1319.702398531,14784,0.628
1319.705540456,14784,0.63
1319.708670678,14784,0.628
1319.71177751,14784,0.628
1319.714860472,14800,0.63
1319.717966805,14784,0.628
1319.721072396,14784,0.63
1319.724185784,14784,0.63
1319.727298469,14784,0.63
1319.730404171,14784,0.628
1319.733657856,14784,0.63
1319.740819952,14784,0.63
1319.746909728,14784,0.63
1319.750764713,14784,0.628
1319.753929193,14768,0.63
1319.757092193,14784,0.628
1319.760224692,14800,0.632
1319.763374858,14784,0.632
1319.76651532,14784,0.63
1319.769659134,14768,0.628
1319.772806578,14784,0.63
1319.775955207,14768,0.63
1319.779230892,14800,0.63
1319.782380466,14800,0.628
1319.785499168,14784,0.63
1319.788617056,14784,0.63
1319.7917365,14800,0.628
1319.794858203,14784,0.628
1319.797984906,14784,0.63
1319.801110312,14784,0.63
1319.804239423,14784,0.63
1319.807352459,14784,0.63
1319.810510921,14784,0.63
