Time,RawValue1,RawValue2
2750.739583806,16432,26400
2750.743554702,16416,26384
2750.746742152,16432,26368
2750.749866529,16448,26368
2750.752977756,16416,26384
2750.756071818,16416,26416
2750.759128453,16416,26368
2750.762186422,16416,26432
2750.765234446,16448,26384
2750.768279655,16432,26416
2750.771306809,16448,26400
2750.774348166,16416,26384
2750.777379857,16432,26400
2750.780401659,16416,26416
2750.783419609,16432,26416
2750.78646954,16464,26384
2750.789503379,16416,26384
2750.792526959,16416,26368
2750.795579668,16432,26416
2750.798608248,16448,26432
2750.801632012,16448,26416
2750.804676703,16448,26416
2750.807705061,16448,26400
2750.810723899,16448,26416
2750.813744312,16416,26432
2750.816760466,16432,26416
2750.819711638,16448,26384
2750.822655551,16416,26416
2750.825611779,16448,26416
2750.828562784,16432,26400
2750.831509215,16432,26416
2750.834459573,16464,26448
2750.837405874,16448,26432
2750.840352732,16432,26400
2750.843305441,16432,26384
2750.846259983,16464,26400
2750.849209563,16448,26400
2750.852152846,16432,26384
2750.855102407,16448,26400
2750.858202061,16416,26400
2750.861165733,16432,26416
2750.864162257,16448,26384
2750.867113077,16432,26384
2750.870178712,16432,26416
2750.873172403,16432,26432
2750.876158594,16448,26432
2750.879114432,16432,26416
2750.882064345,16448,26416
2750.885029554,16432,26416
2750.887978189,16464,26416
2750.890930787,16448,26400
2750.8938822,16448,26432
2750.896845243,16432,26416
2750.899801192,16448,26464
2750.902747161,16432,26416
2750.905698574,16464,26432
2750.908645246,16448,26432
2750.91158914,16464,26432
2750.914551757,16448,26448
2750.917502577,16448,26448
2750.920446193,16448,26432
2750.923382236,16448,26384
2750.926333241,16432,26384
2750.929282747,16464,26400
2750.932230345,16432,26416
2750.935182331,16448,26432
2750.938127615,16448,26368
2750.941067009,16416,26384
2750.944012014,16448,26400
2750.946975446,16416,26384
2750.949929025,16432,26400
2750.952874919,16416,26400
2750.955824277,16432,26400
2750.958798856,16416,26416
2750.961792584,16432,26400
2750.964775682,16432,26400
2750.967749724,16416,26384
2750.970707248,16448,26400
2750.973714754,16432,26384
2750.976691648,16432,26400
2750.979669246,16432,26384
2750.982619678,16432,26448
2750.985578516,16448,26432
2750.988532226,16416,26400
2750.991480694,16432,26448
2750.994431014,16432,26416
2750.997381001,16448,26432
2751.000322858,16464,26432
2751.003255456,16432,26432
2751.006208814,16416,26448
2751.009164152,16448,26432
2751.012107658,16448,26432
2751.015056163,16448,26448
2751.018016928,16432,26400
2751.020960729,16448,26448
2751.023896772,16448,26432
2751.026850314,16448,26400
2751.029797412,16432,26416
2751.032740288,16432,26400
2751.035715979,16448,26448
2751.038662984,16464,26384
2751.041606619,16432,26416
2751.044562254,16448,26432
2751.047514037,16432,26400
2751.050458839,16448,26384
2751.053405419,16448,26368
2751.05637522,16416,26416
2751.05934193,16432,26416
2751.062310824,16448,26400
2751.065289885,16464,26384
2751.068306798,16448,26416
2751.071266359,16432,26400
2751.074247309,16432,26384
2751.077198351,16448,26416
2751.080142634,16448,26416
2751.08311301,16432,26432
2751.086081479,16464,26432
2751.089071354,16448,26416
2751.092017601,16432,26416
2751.094974347,16432,26432
2751.097921574,16448,26432
2751.100866691,16416,26400
2751.103809659,16464,26432
2751.106759813,16448,26416
2751.109702355,16448,26448
2751.112648212,16480,26400
2751.11559657,16448,26432
2751.118546242,16416,26400
2751.121493469,16432,26432
2751.12444329,16432,26448
2751.127390906,16432,26432
2751.130334763,16416,26400
2751.133273491,16464,26448
2751.136223922,16464,26400
2751.139172076,16416,26368
2751.142108637,16448,26432
2751.145052605,16432,26384
2751.147999259,16432,26416
2751.15094582,16448,26384
2751.153883621,16432,26416
2751.156860516,16432,26400
2751.159819299,16448,26416
2751.162790712,16432,26368
2751.16575894,16448,26400
2751.168732223,16448,26416
2751.171739173,16432,26400
2751.174724808,16432,26432
2751.177706387,16432,26416
2751.180663004,16416,26416
2751.183674009,16416,26416
2751.18665783,16448,26432
2751.189622354,16432,26400
2751.192568748,16432,26416
2751.195529235,16432,26400
2751.198474925,16432,26432
2751.201421486,16448,26400
2751.204375307,16432,26400
2751.207318238,16432,26384
2751.210259114,16448,26416
2751.213207008,16432,26416
2751.216165236,16448,26416
2751.219112297,16448,26416
2751.222059858,16448,26400
2751.225010289,16432,26400
2751.227959665,16448,26432
2751.230905189,16432,26416
2751.233843805,16432,26400
2751.236794866,16432,26400
2751.239746186,16432,26400
2751.242691266,16448,26400
2751.245642234,16448,26400
2751.248592203,16432,26400
2751.25153393,16448,26416
2751.254479621,16480,26368
2751.257461367,16432,26368
2751.260416021,16432,26384
2751.263412433,16416,26416
2751.266396439,16448,26400
2751.269367611,16432,26384
2751.272382505,16448,26432
2751.275360455,16448,26400
2751.278357109,16448,26416
2751.281306985,16464,26416
2751.284298601,16432,26400
2751.287257236,16448,26384
2751.290203742,16416,26432
2751.293141062,16416,26400
2751.296097993,16448,26432
2751.299046258,16464,26448
2751.301995263,16416,26432
2751.304949399,16448,26416
2751.307899552,16416,26400
2751.310842928,16448,26448
2751.313781137,16416,26416
2751.316731642,16448,26448
2751.319677314,16448,26416
2751.322623524,16448,26432
2751.325577733,16448,26432
2751.328522553,16432,26416
2751.331457892,16464,26464
2751.334404823,16480,26432
2751.337353384,16464,26384
2751.340297371,16448,26384
2751.343236006,16432,26464
2751.3461839,16448,26416
2751.349130628,16432,26384
2751.352070781,16416,26432
2751.35502025,16432,26384
2751.357991625,16432,26384
2751.360952298,16432,26432
2751.363969396,16432,26432
2751.366953364,16464,26368
2751.369934962,16432,26400
2751.372878745,16432,26416
2751.375845566,16448,26416
2751.378799793,16464,26400
2751.38174678,16416,26400
2751.384705582,16432,26432
2751.387653846,16416,26416
2751.390600963,16432,26416
2751.393544617,16432,26432
2751.396503715,16448,26416
2751.39945259,16432,26432
2751.402395781,16432,26416
2751.405344435,16416,26384
2751.408292792,16416,26384
2751.411233056,16448,26416
2751.414190988,16448,26416
2751.417142049,16432,26432
2751.420085017,16432,26400
2751.423020041,16464,26368
2751.425996083,16432,26416
2751.428942996,16432,26400
2751.431890279,16448,26384
2751.434850266,16416,26384
2751.437794883,16432,26368
2751.440730759,16432,26432
2751.443670246,16432,26384
2751.446623473,16432,26416
2751.449571386,16416,26368
2751.45251954,16416,26384
2751.455473378,16448,26368
2751.458449606,16432,26400
2751.461399926,16432,26368
2751.464409061,16432,26432
2751.4673894,16416,26400
2751.470352943,16480,26400
2751.473362652,16432,26368
2751.476346731,16448,26416
2751.479328737,16448,26416
2751.48229865,16416,26416
2751.485284877,16432,26416
2751.488261698,16416,26400
2751.491228962,16448,26400
2751.494241968,16432,26400
2751.497203584,16432,26432
2751.500156849,16448,26400
2751.50310978,16448,26416
2751.506078564,16432,26400
2751.509035569,16448,26400
2751.511983426,16448,26400
2751.514953673,16416,26416
2751.517904437,16448,26416
2751.520847739,16432,26432
2751.5237918,16448,26448
2751.526760972,16432,26400
2751.529715218,16448,26400
2751.53266239,16448,26416
2751.535615192,16464,26400
2751.538574253,16448,26400
2751.541523647,16432,26400
2751.544489616,16432,26400
2751.547439825,16448,26416
2751.550388238,16448,26400
2751.553331743,16432,26400
2751.556304822,16416,26416
2751.559281309,16432,26432
2751.562281889,16432,26400
2751.565271117,16432,26400
2751.568273678,16448,26416
2751.571238146,16416,26384
2751.574235541,16400,26368
2751.577197416,16432,26400
2751.580148181,16448,26416
2751.583099557,16432,26432
2751.586065044,16432,26416
2751.589015401,16432,26400
2751.591955721,16432,26400
2751.594917745,16448,26432
2751.597867343,16464,26384
2751.600818367,16448,26448
2751.603764243,16448,26400
2751.606729082,16432,26400
2751.609678031,16448,26416
2751.612633611,16448,26416
2751.615605246,16448,26416
2751.618562214,16416,26416
2751.621512886,16448,26400
2751.624478244,16448,26448
2751.627429767,16464,26400
2751.630382495,16464,26400
2751.633336278,16448,26416
2751.63629608,16464,26432
2751.639247863,16432,26384
2751.642196776,16432,26416
2751.645161226,16448,26416
2751.648108194,16448,26416
2751.651058792,16448,26384
2751.654011057,16416,26384
2751.656991803,16416,26432
2751.659958734,16448,26384
2751.662973888,16416,26432
2751.665956486,16464,26416
2751.668946565,16448,26400
2751.671906182,16416,26384
2751.67487991,16400,26416
2751.677834285,16448,26400
2751.680785198,16432,26400
2751.683733963,16448,26448
2751.686696357,16448,26416
2751.689674659,16448,26416
2751.692625072,16416,26384
2751.695593725,16432,26432
2751.698546267,16464,26416
2751.701491865,16448,26432
2751.70444976,16448,26432
2751.707397821,16432,26400
2751.710343289,16464,26416
2751.713286128,16432,26416
2751.716244429,16416,26384
2751.719194287,16432,26416
2751.722141662,16464,26416
2751.725107483,16432,26416
2751.728060747,16432,26448
2751.731010197,16416,26400
2751.733955425,16448,26400
2751.736920486,16448,26416
2751.739868639,16432,26384
2751.742813404,16432,26400
2751.745764076,16400,26432
2751.748715933,16448,26400
2751.751662105,16432,26400
2751.754626611,16400,26416
2751.75760356,16432,26432
2751.760560529,16448,26432
2751.76353459,16416,26400
2751.766508021,16448,26400
2751.769492045,16432,26400
2751.77249118,16432,26400
2751.775475945,16448,26400
2751.778455765,16432,26400
2751.781417845,16432,26384
2751.784433461,16464,26416
2751.78740017,16432,26384
2751.790356602,16448,26384
2751.793308551,16432,26432
2751.796271557,16432,26400
2751.799232766,16432,26384
2751.802186975,16416,26416
2751.80515298,16464,26416
2751.808101949,16448,26400
2751.811046862,16432,26400
2751.813991367,16448,26400
2751.816964187,16432,26416
2751.819921248,16432,26432
2751.822875605,16416,26448
2751.825836574,16448,26432
2751.828787412,16432,26400
2751.831734751,16400,26432
2751.834700997,16448,26384
2751.837654725,16448,26400
2751.840603045,16432,26384
2751.843552162,16448,26400
2751.846505,16448,26384
2751.849457469,16432,26384
2751.852412567,16432,26432
2751.855378054,16432,26416
2751.85835454,16448,26400
2751.861345398,16448,26400
2751.864339607,16432,26400
2751.867321242,16448,26400
2751.870285599,16464,26416
2751.873288808,16432,26384
2751.876266999,16448,26432
2751.879227523,16448,26400
2751.882182621,16416,26400
2751.885148237,16400,26384
2751.888097817,16464,26432
2751.891047674,16432,26448
2751.893999124,16432,26384
2751.896961407,16448,26432
2751.899914338,16448,26384
2751.90286701,16448,26448
2751.905832664,16416,26416
2751.908783929,16432,26400
2751.91172899,16432,26448
2751.914690421,16432,26368
2751.917642019,16432,26416
2751.920591024,16432,26384
2751.923538011,16448,26448
2751.926491424,16448,26432
2751.929440763,16432,26400
2751.932385675,16432,26400
2751.935352033,16448,26384
2751.938301094,16432,26416
2751.941245877,16416,26448
2751.944201419,16432,26416
2751.947151517,16432,26384
2751.950101263,16416,26400
2751.953058972,16432,26416
2751.956025756,16432,26384
2751.959001687,16432,26384
2751.961968322,16448,26416
2751.964953772,16432,26432
2751.967958814,16432,26416
2751.970925042,16432,26352
2751.973936122,16448,26432
2751.976912331,16448,26384
2751.979883595,16448,26384
2751.982858879,16448,26432
2751.985840865,16432,26432
2751.988819464,16448,26432
2751.991770247,16464,26432
2751.994733159,16432,26448
2751.99768848,16416,26400
2752.000639207,16448,26432
2752.003627991,16432,26448
2752.006657311,16432,26384
2752.009629909,16448,26416
2752.012584136,16432,26400
2752.015558735,16432,26400
2752.018520018,16448,26384
2752.021470319,16448,26400
2752.024440436,16432,26448
2752.027401793,16448,26384
2752.03034815,16432,26384
2752.033297748,16448,26432
2752.036262291,16416,26384
2752.039214111,16448,26416
2752.042163524,16432,26416
2752.045125085,16432,26432
2752.048075553,16416,26400
2752.051022318,16416,26400
2752.053969749,16416,26368
2752.05694944,16448,26416
2752.059922241,16432,26368
2752.062950802,16448,26400
2752.065935012,16480,26432
2752.068927721,16432,26400
2752.071891689,16448,26432
2752.074886843,16448,26432
2752.07784783,16432,26416
2752.080799298,16448,26400
2752.083751896,16416,26416
2752.086717031,16448,26432
2752.089679647,16464,26416
2752.092627264,16448,26432
2752.09559401,16480,26384
2752.098553219,16432,26416
2752.101501928,16448,26416
2752.104468619,16416,26400
2752.107424458,16448,26432
2752.110364019,16432,26416
2752.113307061,16448,26416
2752.116268233,16448,26384
2752.119217998,16464,26448
2752.122162836,16448,26416
2752.125121045,16448,26400
2752.128068847,16448,26448
2752.131014556,16448,26400
2752.133957691,16432,26400
2752.1369249,16448,26416
2752.139875832,16448,26336
2752.142827893,16448,26400
2752.145788953,16464,26384
2752.148737311,16448,26400
2752.151681261,16448,26432
2752.154644025,16432,26416
2752.157622494,16416,26416
2752.16058074,16432,26400
2752.163578134,16432,26448
2752.166601158,16448,26432
2752.169575627,16464,26400
2752.17255228,16448,26384
2752.17554723,16448,26400
2752.17852655,16448,26400
2752.18148537,16432,26416
2752.184451117,16448,26416
2752.187404048,16432,26416
2752.190349813,16448,26400
2752.193303614,16448,26432
2752.196282305,16480,26400
2752.199232588,16432,26416
2752.20217789,16432,26416
2752.205146284,16432,26416
2752.208099363,16464,26448
2752.21105161,16464,26384
2752.214006596,16448,26416
2752.216965583,16432,26368
2752.219915885,16416,26416
2752.222866631,16448,26400
2752.225832451,16432,26384
2752.228796642,16464,26384
2752.231749295,16448,26400
2752.234712486,16448,26432
2752.23767114,16432,26384
2752.240622626,16448,26368
2752.24357241,16432,26432
2752.246540693,16432,26416
2752.249502809,16448,26400
2752.252450704,16464,26384
2752.255416413,16448,26400
2752.258397529,16416,26416
2752.261353127,16432,26384
2752.26434367,16432,26432
2752.26732199,16432,26384
2752.270292199,16432,26416
2752.273293834,16448,26400
2752.276278932,16416,26384
2752.279281512,16400,26448
2752.282236906,16448,26416
2752.285203467,16448,26400
2752.288157398,16464,26448
2752.291103941,16464,26432
2752.294053816,16448,26432
2752.297015155,16448,26416
2752.299966512,16432,26384
2752.302912573,16400,26384
2752.305878801,16448,26416
2752.308827973,16464,26400
2752.311775552,16448,26416
2752.314736076,16432,26432
2752.317686248,16432,26416
2752.320636254,16448,26400
2752.323587296,16432,26416
2752.326555024,16432,26432
2752.329506418,16448,26384
2752.332452849,16448,26432
2752.335415985,16432,26400
2752.33836699,16464,26384
2752.34131544,16432,26384
2752.344277186,16448,26432
2752.347227543,16416,26400
2752.350172697,16432,26416
2752.353116461,16416,26384
2752.356084004,16448,26384
2752.359066879,16432,26400
2752.362063385,16432,26400
2752.365049724,16432,26416
2752.368026822,16432,26416
2752.370991994,16432,26416
2752.373989944,16432,26368
2752.376967208,16448,26416
2752.379932677,16448,26400
2752.382886793,16432,26416
2752.385850484,16416,26400
2752.388806526,16464,26384
2752.391749458,16416,26416
2752.394711778,16432,26432
2752.397671098,16448,26432
2752.40061564,16432,26368
2752.403563294,16432,26384
2752.406529188,16448,26416
2752.409488897,16432,26416
2752.412436143,16448,26416
2752.415401241,16432,26384
2752.418350765,16448,26400
2752.421295326,16448,26416
2752.424247591,16432,26432
2752.427194893,16464,26416
2752.430140305,16448,26400
2752.433090477,16432,26384
2752.436056353,16432,26416
2752.439004914,16432,26416
2752.441952364,16432,26368
2752.444910258,16416,26416
2752.447863356,16400,26416
2752.450809213,16448,26352
2752.453750293,16432,26400
2752.456719298,16432,26400
2752.459667007,16432,26432
2752.462636791,16464,26416
2752.465617055,16448,26400
2752.468613487,16448,26416
2752.471591251,16416,26432
2752.474584183,16448,26384
2752.477539225,16448,26400
2752.480490916,16464,26384
2752.483437421,16448,26400
2752.486390612,16400,26448
2752.489374025,16416,26384
2752.49232253,16448,26384
2752.495286165,16448,26416
2752.498238393,16448,26448
2752.501182176,16448,26400
2752.504137663,16448,26400
2752.507088779,16448,26416
2752.510038136,16432,26368
2752.512984845,16448,26432
2752.51594561,16432,26416
2752.518897727,16432,26432
2752.521843491,16448,26400
2752.524807608,16448,26416
2752.527760224,16480,26384
2752.530704915,16432,26400
2752.53365629,16432,26416
2752.536613796,16416,26432
2752.539562486,16432,26384
2752.542512381,16432,26416
2752.545475442,16448,26400
2752.548431595,16416,26432
2752.551374786,16448,26416
2752.554327347,16432,26448
2752.557300074,16416,26416
2752.56025245,16400,26416
2752.563245122,16432,26448
2752.566217091,16448,26432
2752.569184355,16432,26416
2752.572139694,16416,26384
2752.575100051,16432,26400
2752.578056038,16464,26416
2752.581006118,16432,26400
2752.583975679,16448,26400
2752.586949832,16416,26432
2752.589917875,16432,26432
2752.592862787,16432,26400
2752.595826996,16432,26400
2752.598778261,16464,26432
2752.601730433,16464,26416
2752.604693457,16432,26416
2752.607644981,16432,26400
2752.61058906,16432,26384
2752.613536492,16432,26432
2752.616499571,16432,26368
2752.619454169,16416,26400
2752.622398045,16432,26368
2752.625357365,16432,26384
2752.628307222,16416,26416
2752.631253098,16464,26448
2752.634216177,16432,26416
2752.637173349,16448,26416
2752.640119855,16432,26384
2752.643064138,16432,26416
2752.646023495,16432,26400
2752.6489715,16432,26400
2752.651918876,16416,26400
2752.654886085,16432,26416
2752.65784172,16400,26400
2752.660791281,16432,26400
2752.663756027,16448,26384
2752.66672181,16448,26432
2752.669676204,16432,26416
2752.672669932,16464,26400
2752.675641012,16448,26384
2752.678595202,16448,26400
2752.681540578,16448,26384
2752.684496139,16448,26416
2752.687448681,16432,26432
2752.690423279,16432,26400
2752.693372655,16464,26432
2752.696340123,16448,26400
2752.699293147,16432,26416
2752.702239652,16432,26432
2752.705198417,16448,26416
2752.708151071,16464,26416
2752.711098057,16448,26368
2752.714045266,16448,26400
2752.717001105,16432,26400
2752.719950796,16432,26384
2752.722895968,16448,26432
2752.725853917,16432,26400
2752.728805849,16432,26384
2752.731751836,16448,26352
2752.734712008,16432,26400
2752.737661865,16464,26384
2752.74060737,16416,26368
2752.743543709,16416,26400
2752.746498066,16464,26400
2752.749450831,16416,26400
2752.752395743,16448,26384
2752.755358267,16432,26416
2752.758314124,16432,26384
2752.761263352,16432,26400
2752.764225524,16448,26416
2752.767219437,16464,26400
2752.770175646,16448,26416
2752.773163374,16432,26384
2752.77611749,16432,26416
2752.779071477,16432,26432
2752.782018038,16432,26400
2752.784981136,16464,26416
2752.787935623,16432,26416
2752.79088385,16416,26384
2752.793829115,16432,26416
2752.796784787,16448,26400
2752.799735385,16432,26432
2752.802683631,16448,26432
2752.805648729,16448,26464
2752.808606938,16448,26416
2752.811556091,16432,26400
2752.814541689,16464,26384
2752.817492769,16432,26432
2752.820446978,16448,26400
2752.823397557,16480,26432
2752.826356211,16448,26400
2752.829303772,16448,26400
2752.832248944,16416,26416
2752.835203264,16464,26400
2752.838153528,16432,26416
2752.841103608,16448,26384
2752.844047891,16464,26416
2752.847004045,16448,26352
2752.84995205,16448,26384
2752.852896111,16432,26400
2752.855853764,16416,26400
2752.858807103,16432,26416
2752.861752608,16448,26400
2752.864716299,16448,26384
2752.867695675,16448,26400
2752.870659587,16432,26368
2752.873667037,16432,26384
2752.876638339,16416,26400
2752.879592437,16448,26416
2752.882546535,16448,26400
2752.885504114,16448,26416
2752.88845899,16448,26400
2752.891408792,16448,26432
2752.894369149,16464,26400
2752.897329728,16448,26400
2752.9002764,16448,26384
2752.903218332,16432,26432
2752.906179318,16448,26400
2752.909137083,16448,26416
2752.912080885,16448,26432
2752.915037779,16448,26368
2752.917993618,16448,26400
2752.920941716,16416,26416
2752.923889628,16432,26432
2752.926841486,16448,26400
2752.929788324,16464,26416
2752.932737978,16448,26416
2752.935696965,16448,26400
2752.938647396,16416,26400
2752.941595216,16432,26384
2752.944560999,16416,26416
2752.947514616,16432,26368
2752.95046401,16416,26400
2752.953414386,16432,26368
2752.956378743,16416,26400
2752.959335045,16416,26432
2752.962279124,16432,26416
2752.965235629,16448,26400
2752.968220968,16448,26384
2752.971197714,16432,26400
2752.974202923,16448,26432
2752.977158188,16432,26400
2752.980105878,16432,26368
2752.983053643,16432,26384
2752.986019556,16432,26432
2752.988997728,16448,26416
2752.99195303,16448,26416
2752.994922776,16448,26384
2752.997874911,16432,26432
2753.000819527,16448,26400
2753.003764847,16448,26400
2753.006716149,16448,26416
2753.00968058,16432,26416
2753.012626678,16416,26400
2753.015597591,16432,26432
2753.018545485,16464,26400
2753.021489602,16432,26400
2753.024445366,16448,26416
2753.027398853,16432,26384
2753.030342692,16432,26400
2753.033284216,16432,26384
2753.036244091,16448,26400
2753.039196893,16416,26416
2753.042142898,16400,26416
2753.045108922,16432,26400
2753.048061205,16432,26368
2753.051006618,16448,26416
2753.053944068,16432,26416
2753.056894258,16432,26416
2753.05984956,16448,26416
2753.062802362,16432,26384
2753.065756386,16416,26400
2753.068739484,16432,26416
2753.071692989,16416,26400
2753.074657254,16432,26368
2753.077607944,16448,26400
2753.080556616,16432,26416
2753.083500473,16432,26432
2753.086451145,16448,26384
2753.089397114,16432,26416
2753.09234486,16432,26416
2753.095302198,16448,26384
2753.098251167,16448,26384
2753.101196524,16432,26432
2753.104155677,16432,26432
2753.107101072,16448,26400
2753.11004817,16448,26416
2753.112995453,16480,26416
2753.115956291,16432,26416
2753.118914038,16432,26400
2753.121861543,16432,26400
2753.124821622,16448,26416
2753.127771794,16464,26432
2753.130718652,16448,26368
2753.133670435,16464,26432
2753.136634199,16448,26400
2753.139581964,16416,26384
2753.142528691,16400,26416
2753.14549553,16400,26400
2753.148445776,16432,26400
2753.151392133,16416,26384
2753.154355287,16432,26384
2753.157305144,16416,26384
2753.160253909,16432,26432
2753.163202099,16432,26400
2753.166162494,16464,26432
2753.16910461,16448,26416
2753.172089486,16416,26400
2753.175055454,16432,26400
2753.178013645,16464,26400
2753.180963928,16448,26432
2753.183908452,16432,26400
2753.186862994,16464,26416
2753.189809259,16464,26416
2753.192758727,16432,26400
2753.195722732,16448,26432
2753.198670608,16432,26432
2753.201614317,16448,26416
2753.204567971,16432,26448
2753.207511828,16432,26416
2753.210462685,16432,26416
2753.213412079,16464,26384
2753.216371862,16464,26400
2753.219326831,16432,26384
2753.222273892,16464,26432
2753.225228693,16464,26448
2753.228182013,16432,26400
2753.231127945,16448,26368
2753.234072524,16448,26384
2753.237026641,16448,26400
2753.239973739,16432,26400
2753.242917022,16432,26384
2753.245871083,16416,26384
2753.248824218,16432,26400
2753.251768186,16448,26384
2753.254730506,16416,26368
2753.2576884,16464,26416
2753.260636758,16432,26416
2753.263586337,16432,26400
2753.266550787,16448,26384
2753.269535385,16448,26432
2753.272483205,16432,26416
2753.275443636,16432,26384
2753.27839366,16432,26432
2753.281342425,16448,26368
2753.284299245,16416,26400
2753.287247121,16448,26400
2753.290194533,16432,26384
2753.293142242,16448,26448
2753.296109433,16416,26416
2753.299060068,16448,26384
2753.302015036,16448,26368
2753.304976134,16432,26416
2753.307925362,16464,26400
2753.310877626,16464,26432
2753.313825595,16448,26400
2753.316784063,16448,26416
2753.319735439,16416,26432
2753.322678333,16432,26384
2753.325638449,16432,26400
2753.328584936,16480,26432
2753.331534182,16432,26368
2753.334492577,16448,26432
2753.337438378,16448,26416
2753.340386069,16416,26400
2753.343330556,16448,26384
2753.346280265,16432,26400
2753.349230474,16432,26384
2753.352170738,16432,26416
2753.355132725,16416,26416
2753.358114397,16416,26368
2753.361068773,16416,26384
2753.364034852,16400,26400
2753.367045117,16432,26384
2753.370005826,16448,26384
2753.372950276,16416,26384
2753.375912022,16448,26384
2753.378862694,16480,26416
2753.381811366,16432,26384
2753.384772334,16432,26432
2753.387724969,16448,26384
2753.390663512,16432,26368
2753.393608925,16448,26448
2753.396570171,16448,26416
2753.399522324,16464,26400
2753.402469033,16464,26416
2753.405424705,16432,26400
2753.408374748,16432,26416
2753.411320623,16448,26400
2753.414284184,16464,26448
2753.417237375,16464,26400
2753.420182325,16448,26384
2753.423119756,16448,26400
2753.426079724,16416,26384
2753.429028655,16432,26400
2753.431983624,16432,26416
2753.434959333,16432,26432
2753.437908097,16416,26416
2753.440856992,16448,26384
2753.443805423,16432,26432
2753.446764817,16432,26368
2753.449717952,16432,26432
2753.452664439,16416,26432
2753.455637444,16432,26432
2753.458586746,16432,26400
2753.461531937,16432,26400
2753.464489109,16432,26416
2753.467478262,16448,26400
2753.470429805,16432,26416
2753.47337531,16416,26416
2753.476333389,16416,26416
2753.47928545,16432,26400
2753.482230807,16448,26400
2753.485187887,16448,26448
2753.488140633,16432,26416
2753.491084268,16448,26384
2753.494021792,16432,26448
2753.496972908,16448,26400
2753.499922988,16432,26400
2753.502872252,16464,26400
2753.505834887,16448,26400
2753.508789319,16432,26416
2753.511735935,16432,26400
2753.514702903,16448,26432
2753.517655761,16464,26416
2753.520601396,16448,26416
2753.523551494,16416,26400
2753.526512369,16448,26432
2753.529460449,16432,26416
2753.532409065,16448,26432
2753.535363237,16432,26432
2753.538311039,16448,26384
2753.541258655,16432,26416
2753.544211475,16448,26400
2753.547159036,16432,26400
2753.550103449,16448,26400
2753.55305114,16448,26400
2753.556015941,16416,26368
2753.558965706,16432,26416
2753.561916193,16448,26384
2753.564876328,16432,26448
2753.567826703,16432,26416
2753.570772968,16448,26400
2753.57372364,16416,26416
2753.57668496,16432,26432
2753.579661669,16416,26416
2753.582619823,16416,26416
2753.585584847,16448,26432
2753.588562852,16432,26416
2753.591518228,16416,26400
2753.594479604,16448,26432
2753.597436942,16432,26400
2753.600384633,16464,26368
2753.603325305,16448,26400
2753.606287643,16464,26432
2753.609237945,16448,26416
2753.612184617,16480,26384
2753.615147993,16448,26400
2753.618096628,16448,26400
2753.621046114,16448,26432
2753.623993305,16432,26416
2753.626957921,16448,26448
2753.62990813,16432,26384
2753.632858358,16448,26384
2753.6358219,16448,26384
2753.638769591,16416,26400
2753.641715337,16416,26400
2753.644674805,16432,26416
2753.647623311,16400,26384
2753.650567279,16432,26400
2753.653509062,16416,26400
2753.656474975,16416,26384
2753.659426906,16432,26384
2753.662399652,16400,26352
2753.66536662,16432,26400
2753.668342459,16464,26448
2753.671301816,16448,26368
2753.674262118,16416,26384
2753.677214105,16432,26384
2753.680164369,16448,26416
2753.683110763,16432,26384
2753.686069732,16464,26416
2753.689025311,16432,26416
2753.691969909,16448,26416
2753.694931229,16448,26448
2753.697880049,16448,26448
2753.700824314,16432,26400
2753.703766856,16448,26400
2753.706722676,16432,26400
2753.709675163,16448,26384
2753.712620224,16416,26432
2753.715581711,16448,26400
2753.718533994,16432,26368
2753.721488888,16448,26432
2753.724451116,16400,26368
2753.727404436,16416,26432
2753.730349386,16416,26400
2753.733291558,16448,26384
2753.736245378,16432,26384
2753.739201402,16432,26384
2753.742152907,16432,26432
2753.745117579,16448,26368
2753.748069325,16432,26400
2753.751012997,16432,26400
2753.753952354,16416,26368
2753.756923878,16416,26368
2753.759877735,16448,26416
2753.762852315,16432,26416
2753.765825394,16448,26416
2753.768794066,16416,26384
2753.771752849,16416,26432
2753.774723984,16432,26416
2753.777675897,16448,26432
2753.780623773,16432,26400
2753.783574908,16432,26400
2753.786544802,16432,26448
2753.789500603,16448,26400
2753.792441535,16432,26400
2753.795400503,16448,26416
2753.798344249,16464,26400
2753.801293143,16432,26416
2753.804249408,16448,26416
2753.807197469,16432,26384
2753.81014677,16464,26432
2753.813093535,16448,26432
2753.816055485,16448,26416
2753.819011731,16448,26384
2753.821955495,16448,26416
2753.824911315,16448,26416
2753.827863154,16464,26432
2753.830809863,16448,26384
2753.833755128,16448,26400
2753.836712837,16432,26416
2753.839668064,16464,26416
2753.842613718,16448,26400
2753.845574519,16416,26384
2753.848521932,16432,26400
2753.851465308,16416,26400
2753.854420646,16432,26384
2753.857375781,16416,26368
2753.86031799,16432,26384
2753.863299051,16448,26432
2753.866268223,16432,26368
2753.86921734,16432,26432
2753.872164012,16416,26416
2753.875122573,16432,26368
2753.878067374,16448,26432
2753.881017213,16448,26400
2753.883961737,16432,26416
2753.886916149,16448,26384
2753.88986847,16464,26384
2753.892818086,16432,26448
2753.895777221,16416,26400
2753.898722874,16464,26432
2753.901665361,16432,26416
2753.904617866,16448,26384
2753.907566094,16432,26416
2753.910524396,16448,26384
2753.913477364,16448,26448
2753.916443129,16432,26432
2753.919397875,16448,26384
2753.922347213,16464,26384
2753.925303867,16416,26416
2753.928262483,16416,26448
2753.931213451,16432,26400
2753.934176735,16448,26400
2753.937122518,16416,26416
2753.940067264,16448,26400
2753.943006139,16448,26384
2753.945970163,16416,26416
2753.948922039,16416,26384
2753.951866729,16432,26384
2753.954817938,16432,26384
2753.957766185,16432,26384
2753.96071306,16432,26400
2753.963656251,16448,26416
2753.966665423,16432,26400
2753.969621669,16448,26400
2753.972567674,16432,26400
2753.975523383,16448,26400
2753.978472648,16448,26400
2753.981418431,16416,26400
2753.984371492,16448,26432
2753.987319127,16448,26432
2753.990263706,16464,26400
2753.993208582,16448,26400
2753.996174383,16448,26400
2753.999125852,16448,26400
2754.002079783,16464,26384
2754.005044733,16448,26416
2754.007998201,16464,26448
2754.010957132,16448,26400
2754.01390723,16464,26448
2754.016869884,16448,26432
2754.019822574,16448,26432
2754.022771172,16464,26464
2754.02572864,16448,26416
2754.028678942,16464,26416
2754.031625244,16432,26448
2754.034575286,16464,26416
2754.037521717,16464,26416
2754.040472297,16464,26416
2754.043417654,16432,26400
2754.046373826,16416,26400
2754.049321146,16448,26384
2754.052266966,16432,26384
2754.055222212,16432,26416
2754.05819931,16432,26416
2754.061148278,16416,26384
2754.064098098,16448,26432
2754.067081122,16432,26432
2754.070041276,16416,26416
2754.073004966,16432,26416
2754.075975583,16432,26416
2754.078929218,16464,26432
2754.081873223,16432,26384
2754.08484008,16448,26416
2754.087789697,16448,26416
2754.090728998,16432,26368
2754.093666393,16448,26448
2754.096624194,16464,26432
2754.099572514,16464,26432
2754.10252676,16432,26416
2754.105489562,16448,26400
2754.108438586,16432,26432
2754.111386313,16448,26416
2754.114351356,16432,26432
2754.117298176,16416,26432
2754.120242774,16448,26368
2754.123182594,16432,26400
2754.126141433,16448,26400
2754.129089679,16448,26432
2754.132052869,16448,26416
2754.135011874,16448,26416
2754.137961861,16416,26416
2754.14090657,16448,26432
2754.143847076,16416,26432
2754.146809118,16464,26384
2754.149757697,16416,26416
2754.152714017,16432,26432
2754.155677615,16400,26416
2754.158664676,16464,26416
2754.161613145,16464,26384
2754.164582669,16432,26416
2754.167557155,16432,26416
2754.170518827,16448,26400
2754.173478703,16432,26416
2754.176443764,16464,26400
2754.179421436,16448,26416
2754.182371978,16432,26416
2754.185326354,16448,26416
2754.188282267,16448,26384
2754.191225309,16448,26416
2754.194166314,16448,26416
2754.197123635,16448,26416
2754.20006877,16448,26448
2754.203013904,16448,26416
2754.205968725,16448,26416
2754.208918193,16448,26416
2754.211865532,16432,26416
2754.214829222,16448,26416
2754.217778524,16432,26432
2754.220722862,16448,26400
2754.223660238,16480,26432
2754.226621688,16432,26400
2754.22956786,16432,26432
2754.232520439,16432,26400
2754.235480815,16432,26368
2754.238427542,16448,26384
2754.241376548,16416,26400
2754.24433046,16432,26400
2754.247278688,16432,26352
2754.250224064,16400,26416
2754.253170958,16416,26400
2754.256141982,16416,26416
2754.259091339,16400,26384
2754.262042789,16416,26400
2754.265010609,16432,26448
2754.267992577,16448,26384
2754.270967545,16416,26400
2754.273949606,16432,26384
2754.276914075,16432,26416
2754.279870728,16448,26432
2754.282817567,16432,26384
2754.285779943,16432,26384
2754.288729596,16464,26416
2754.291675824,16448,26416
2754.294623551,16432,26352
2754.297573168,16464,26416
2754.300530747,16448,26416
2754.303476326,16432,26432
2754.306427721,16448,26432
2754.309376207,16416,26416
2754.312322305,16432,26400
2754.315277144,16432,26400
2754.318231223,16448,26448
2754.32117558,16448,26384
2754.324113475,16464,26368
2754.327071961,16432,26432
2754.3300218,16448,26416
2754.332973065,16432,26416
2754.335938033,16416,26400
2754.338890186,16432,26416
2754.341837562,16416,26384
2754.344794438,16432,26368
2754.347742221,16416,26416
2754.350690948,16432,26416
2754.353639917,16432,26368
2754.356598274,16432,26400
2754.359542835,16464,26384
2754.362487692,16448,26432
2754.365438938,16448,26448
2754.368430221,16432,26416
2754.371379708,16416,26384
2754.374344139,16432,26384
2754.377292033,16432,26384
2754.380243502,16448,26416
2754.383189359,16432,26464
2754.386152716,16480,26400
2754.389102592,16464,26480
2754.392047986,16448,26400
2754.394999269,16448,26416
2754.397947811,16448,26432
2754.400901928,16448,26448
2754.403846841,16448,26400
2754.406812105,16448,26432
2754.409765518,16448,26432
2754.412713134,16448,26416
2754.415676455,16432,26416
2754.418632497,16448,26448
2754.421578336,16448,26384
2754.424548711,16448,26400
2754.427502883,16448,26416
2754.430449389,16432,26416
2754.433397431,16448,26432
2754.436351288,16448,26464
2754.439298756,16432,26416
2754.442243725,16432,26416
2754.445214008,16448,26384
2754.448166513,16432,26432
2754.451116796,16432,26432
2754.454062505,16432,26352
2754.457015585,16448,26416
2754.459963183,16448,26368
2754.462943503,16432,26416
2754.465911934,16448,26416
2754.468865217,16432,26400
2754.471803334,16432,26384
2754.474762468,16432,26384
2754.477709974,16448,26384
2754.480655035,16432,26384
2754.483602614,16448,26432
2754.486558768,16448,26432
2754.489507791,16464,26384
2754.492454167,16416,26368
2754.495406339,16432,26384
2754.498359418,16448,26432
2754.501307368,16432,26432
2754.504269911,16464,26416
2754.50722386,16448,26416
2754.51016781,16432,26432
2754.513106723,16448,26400
2754.516060821,16432,26416
2754.519011196,16464,26416
2754.521972591,16448,26432
2754.524937874,16432,26400
2754.52788812,16464,26416
2754.530834625,16416,26432
2754.533779464,16432,26448
2754.536739377,16448,26400
2754.539692215,16416,26400
2754.542637517,16448,26400
2754.545591096,16432,26384
2754.548548824,16448,26400
2754.551494162,16432,26400
2754.554458779,16432,26384
2754.557413729,16432,26400
2754.560362697,16416,26368
2754.563311517,16432,26416
2754.566275504,16432,26384
2754.569233861,16416,26384
2754.572228792,16432,26384
2754.575205094,16448,26368
2754.578160099,16448,26384
2754.581109308,16432,26416
2754.584056073,16432,26416
2754.587020356,16464,26448
2754.589976361,16448,26384
2754.592921015,16416,26400
2754.59588052,16432,26416
2754.59883397,16432,26416
2754.601778642,16448,26432
2754.604736277,16432,26400
2754.607683856,16432,26432
2754.610627528,16464,26432
2754.613567941,16448,26400
2754.616531298,16464,26384
2754.619480174,16448,26432
2754.622429475,16464,26416
2754.625387406,16464,26400
2754.628335097,16464,26416
2754.63128825,16432,26416
2754.63425207,16464,26416
2754.637202539,16448,26416
2754.640153007,16448,26400
2754.643098901,16432,26448
2754.646050184,16416,26416
2754.649000893,16432,26416
2754.651947528,16432,26416
2754.654899867,16448,26400
2754.657857965,16432,26432
2754.660802859,16416,26416
2754.663740938,16432,26384
2754.66669011,16416,26384
2754.669640856,16432,26400
2754.672601491,16448,26432
2754.675563552,16416,26368
2754.678524761,16416,26432
2754.681472803,16416,26384
2754.684453068,16432,26400
2754.687408869,16480,26416
2754.690357838,16432,26384
2754.693299361,16432,26416
2754.696249052,16432,26400
2754.699200391,16448,26400
2754.702147285,16464,26384
2754.705110809,16448,26416
2754.708079888,16448,26400
2754.71103806,16432,26400
2754.713992028,16432,26432
2754.716956441,16432,26384
2754.719910854,16432,26416
2754.722861766,16448,26384
2754.725828586,16448,26384
2754.728780907,16480,26448
2754.731725523,16432,26400
2754.734688195,16416,26400
2754.737635163,16464,26368
2754.740584131,16432,26384
2754.743532711,16432,26384
2754.746494438,16416,26432
2754.749447444,16416,26384
2754.752391023,16432,26448
2754.75534138,16432,26416
2754.758314311,16432,26400
2754.761261335,16448,26400
2754.764243822,16416,26400
2754.767195475,16432,26416
2754.770139296,16416,26416
2754.773075912,16432,26384
2754.776038602,16448,26416
2754.779012885,16448,26400
2754.78196015,16432,26400
2754.784922896,16448,26384
2754.787871957,16464,26416
2754.790822073,16448,26416
2754.793767671,16432,26432
2754.796727528,16432,26384
2754.799678589,16432,26464
2754.802624632,16448,26416
2754.805581415,16448,26432
2754.808538327,16432,26400
2754.811487092,16432,26416
2754.814449801,16448,26416
2754.817405288,16464,26400
2754.820351848,16432,26416
2754.823291502,16448,26416
2754.826248878,16416,26400
2754.829196735,16448,26432
2754.832139703,16448,26416
2754.83509343,16448,26448
2754.838039621,16432,26432
2754.840984515,16432,26416
2754.843926057,16416,26432
2754.846885174,16432,26368
2754.849840883,16448,26432
2754.852791925,16432,26432
2754.855749264,16432,26384
2754.858704676,16432,26368
2754.86168483,16448,26416
2754.864649243,16448,26416
2754.867606341,16448,26416
2754.87055605,16432,26400
2754.873501499,16432,26416
2754.876459745,16432,26384
2754.879409732,16416,26400
2754.882358404,16416,26384
2754.885320095,16432,26432
2754.888268878,16448,26400
2754.891216253,16432,26432
2754.894163425,16448,26432
2754.897139931,16448,26464
2754.900089862,16464,26416
2754.903033645,16464,26432
2754.905985076,16432,26416
2754.908940933,16464,26432
2754.911888642,16464,26400
2754.91484687,16432,26384
2754.917796468,16448,26400
2754.920741695,16448,26432
2754.923684534,16448,26384
2754.926645465,16432,26416
2754.9295996,16480,26448
2754.932549198,16448,26432
2754.935516573,16464,26432
2754.938464208,16432,26432
2754.941408917,16448,26416
2754.944376256,16464,26400
2754.947324761,16464,26384
2754.950272581,16416,26432
2754.953209716,16432,26384
2754.956169573,16448,26432
2754.959120616,16432,26416
2754.962067343,16416,26400
2754.965031571,16416,26432
2754.968020428,16432,26384
2754.970976952,16448,26432
2754.973922902,16432,26384
2754.976886314,16432,26432
2754.979837042,16464,26416
2754.982787306,16432,26368
2754.985750719,16448,26416
2754.988698947,16416,26416
2754.991643378,16432,26432
2754.994597827,16416,26416
2754.997545925,16448,26416
2755.000488949,16432,26416
2755.003432899,16432,26432
2755.006381793,16448,26400
2755.009333391,16448,26432
2755.012280637,16432,26432
2755.015234513,16432,26448
2755.018192092,16432,26416
2755.021137838,16448,26416
2755.024074158,16448,26368
2755.027034793,16432,26384
2755.029987595,16448,26384
2755.032937878,16432,26400
2755.035895235,16416,26432
2755.038850573,16416,26352
2755.041795616,16416,26384
2755.044760714,16448,26416
2755.047713275,16416,26384
2755.050659595,16416,26384
2755.053602489,16432,26416
2755.056563216,16416,26416
2755.059511981,16448,26400
2755.062493634,16464,26416
2755.065458325,16432,26432
2755.068413145,16416,26400
2755.071355632,16432,26400
2755.074309693,16432,26416
2755.077258698,16432,26400
2755.080205722,16448,26400
2755.083151579,16448,26368
2755.086114695,16448,26400
2755.089067034,16448,26416
2755.09201815,16432,26432
2755.094978693,16432,26416
2755.09793179,16448,26432
2755.100877111,16464,26384
2755.103818005,16432,26432
2755.106774195,16448,26432
2755.109724256,16464,26416
2755.112671872,16464,26384
2755.115641248,16448,26432
2755.118595865,16448,26416
2755.121543685,16432,26416
2755.124502208,16432,26416
2755.127451862,16448,26400
2755.130403812,16448,26416
2755.133349002,16448,26400
2755.136298656,16480,26416
2755.139245939,16432,26416
2755.14219074,16448,26416
2755.145140542,16416,26400
2755.148092584,16432,26416
2755.151037571,16464,26416
2755.153975298,16416,26400
2755.1569326,16416,26384
2755.159881809,16432,26352
2755.162832814,16416,26384
2755.165801838,16432,26384
2755.168787084,16448,26416
2755.171743145,16448,26416
2755.174707113,16416,26368
2755.177658526,16448,26464
