Timestamp (s),Raw Value,Voltage (V)
1e-06,26400,3.3
0.001705,26416,3.31
0.003321,26448,3.3
0.004939,26416,3.3
0.006551,26432,3.3
0.008148,26432,3.3
0.00974,26416,3.3
0.01133,26432,3.31
0.012926,26448,3.31
0.014521,26448,3.31
0.01611,26432,3.3
0.017706,26432,3.3
0.019295,26432,3.3
0.020885,26448,3.31
0.022475,26448,3.31
0.024058,26432,3.31
0.025648,26448,3.31
0.027389,26448,3.3
0.029011,26448,3.31
0.03061,26432,3.3
0.032206,26448,3.31
0.033805,26432,3.3
0.035402,26448,3.31
0.037003,26448,3.31
0.038596,26448,3.3
0.040198,26432,3.31
0.041797,26448,3.3
0.04339,26448,3.31
0.044995,26464,3.31
0.046589,26448,3.3
0.048189,26432,3.31
0.049788,26432,3.31
0.051383,26432,3.3
0.052983,26448,3.3
0.054586,26448,3.31
0.056188,26432,3.31
0.057785,26448,3.31
0.059384,26448,3.3
0.060988,26432,3.31
0.062587,26432,3.31
0.064156,26432,3.3
0.067068,26448,3.3
0.068652,26432,3.3
0.07022,26432,3.3
0.071784,26448,3.3
0.073352,26432,3.3
0.074917,26416,3.3
0.076493,26432,3.3
0.078061,26432,3.3
0.079629,26416,3.3
0.081195,26416,3.3
0.082758,26432,3.3
0.084332,26400,3.3
0.085897,26432,3.3
0.087463,26416,3.3
0.089028,26416,3.3
0.090593,26432,3.31
0.092159,26432,3.31
0.093722,26448,3.3
0.095288,26416,3.3
0.096853,26432,3.3
0.098418,26432,3.3
0.099984,26432,3.3
0.101551,26416,3.3
0.103254,26432,3.3
0.104831,26432,3.3
0.106395,26448,3.3
0.10796,26448,3.3
0.109522,26384,3.3
0.111087,26416,3.3
0.112651,26448,3.3
0.114215,26432,3.31
0.11578,26448,3.31
0.117342,26448,3.3
0.118905,26448,3.3
0.120476,26448,3.31
0.12204,26448,3.31
0.123605,26448,3.31
0.125168,26416,3.31
0.126733,26448,3.31
0.1283,26464,3.31
0.129864,26448,3.31
0.13143,26448,3.31
0.132992,26448,3.31
0.134557,26448,3.31
0.136119,26448,3.31
0.137684,26432,3.31
0.139246,26448,3.31
0.140952,26464,3.31
0.142519,26464,3.31
0.144082,26464,3.31
0.145644,26448,3.31
0.14721,26432,3.31
0.148777,26448,3.3
0.150339,26448,3.31
0.151904,26432,3.3
0.153468,26448,3.31
0.155031,26432,3.31
0.156595,26448,3.31
0.158156,26432,3.3
0.159722,26432,3.3
0.161287,26432,3.31
0.16287,26448,3.31
0.164462,26448,3.3
0.166051,26432,3.3
0.167644,26416,3.3
0.169235,26432,3.3
0.170826,26416,3.31
0.172417,26432,3.3
0.17402,26400,3.3
0.175614,26416,3.3
0.17736,26432,3.3
0.178961,26432,3.3
0.18056,26432,3.3
0.182149,26416,3.3
0.183741,26416,3.3
0.185332,26416,3.31
0.186924,26432,3.3
0.188514,26432,3.3
0.190103,26448,3.3
0.191708,26448,3.3
0.193309,26416,3.31
0.194901,26448,3.3
0.196498,26416,3.3
0.198088,26432,3.3
0.199684,26416,3.3
0.201276,26416,3.3
0.202878,26432,3.3
0.204487,26448,3.3
0.206085,26432,3.3
0.207679,26432,3.3
0.209267,26400,3.3
0.210857,26416,3.3
0.212448,26448,3.31
0.214033,26448,3.3
0.215776,26448,3.31
0.217374,26448,3.3
0.218966,26448,3.31
0.220556,26448,3.31
0.222143,26432,3.31
0.223734,26448,3.31
0.225324,26448,3.31
0.226913,26448,3.31
0.228504,26432,3.3
0.230092,26448,3.3
0.231683,26432,3.3
0.233285,26432,3.3
0.234875,26448,3.31
0.236466,26448,3.31
0.238056,26448,3.31
0.239647,26448,3.31
0.241237,26448,3.31
0.242827,26464,3.31
0.244417,26448,3.31
0.246005,26432,3.31
0.247595,26448,3.31
0.249185,26432,3.31
0.250775,26432,3.31
0.252506,26448,3.31
0.254093,26464,3.31
0.255678,26448,3.31
0.257275,26432,3.3
0.258865,26432,3.3
0.260462,26448,3.3
0.262048,26448,3.31
0.263637,26448,3.31
0.265226,26448,3.3
0.266814,26432,3.3
0.268404,26432,3.3
0.269998,26432,3.3
0.271593,26448,3.3
0.273185,26416,3.3
0.274775,26432,3.3
0.276365,26416,3.3
0.277953,26416,3.3
0.279557,26432,3.3
0.281157,26400,3.3
0.282749,26416,3.3
0.284349,26400,3.3
0.285941,26416,3.3
0.287537,26432,3.3
0.289151,26432,3.3
0.29091,26416,3.31
0.29251,26432,3.3
0.294106,26448,3.31
0.295706,26416,3.3
0.297304,26432,3.31
0.298895,26416,3.3
0.300491,26432,3.3
0.302083,26416,3.3
0.303675,26416,3.3
0.305267,26432,3.3
0.306856,26432,3.31
0.308447,26432,3.3
0.310034,26416,3.3
0.311627,26448,3.31
0.313217,26448,3.31
0.314806,26448,3.31
0.316398,26448,3.31
0.317985,26448,3.31
0.319576,26448,3.31
0.321168,26432,3.31
0.322759,26448,3.31
0.324352,26448,3.31
0.325942,26448,3.31
0.327685,26432,3.31
0.329285,26464,3.31
0.330875,26448,3.3
0.332464,26448,3.3
0.334052,26432,3.3
0.335644,26448,3.3
0.337236,26432,3.31
0.338827,26432,3.31
0.340417,26432,3.31
0.342005,26432,3.31
0.343597,26432,3.31
0.345189,26432,3.31
0.346779,26432,3.3
0.348371,26464,3.3
0.349959,26432,3.31
0.351556,26432,3.3
0.353154,26432,3.31
0.354745,26432,3.31
0.35634,26448,3.31
0.357927,26432,3.3
0.359519,26432,3.31
0.361126,26432,3.31
0.362735,26432,3.3
0.36434,26432,3.3
0.366102,26432,3.3
0.367709,26416,3.31
0.369309,26432,3.3
0.3709,26432,3.31
0.372498,26432,3.3
0.374096,26432,3.3
0.375684,26416,3.3
0.377275,26432,3.3
0.378865,26432,3.3
0.380454,26400,3.3
0.382045,26416,3.3
0.383633,26400,3.3
0.385224,26416,3.3
0.386816,26432,3.3
0.388414,26416,3.3
0.390005,26448,3.3
0.391594,26432,3.3
0.393186,26432,3.3
0.394775,26432,3.3
0.396366,26416,3.3
0.397956,26416,3.3
0.399548,26432,3.3
0.401148,26416,3.3
0.402889,26416,3.3
0.404498,26448,3.3
0.406089,26432,3.3
0.407681,26464,3.3
0.409271,26400,3.3
0.410864,26432,3.3
0.412449,26432,3.31
0.414039,26448,3.31
0.415629,26432,3.31
0.417218,26432,3.31
0.418812,26432,3.31
0.420403,26448,3.31
0.421996,26432,3.31
0.423587,26448,3.31
0.425176,26448,3.31
0.426767,26432,3.3
0.428356,26448,3.31
0.429948,26432,3.31
0.43154,26448,3.31
0.433135,26432,3.31
0.434728,26448,3.31
0.436323,26432,3.3
0.437913,26464,3.3
0.439502,26448,3.3
0.441246,26432,3.3
0.442844,26432,3.3
0.444435,26432,3.31
0.446025,26448,3.3
0.447615,26448,3.31
0.449204,26448,3.31
0.450797,26448,3.31
0.452384,26448,3.31
0.453974,26448,3.3
0.455565,26448,3.31
0.457155,26432,3.31
0.458746,26448,3.31
0.460341,26448,3.31
0.461932,26448,3.31
0.463523,26448,3.31
0.465125,26448,3.31
0.466716,26432,3.3
0.468303,26416,3.3
0.469894,26416,3.3
0.471484,26432,3.3
0.473073,26400,3.3
0.474662,26416,3.3
0.476251,26400,3.31
0.477993,26432,3.3
0.4796,26432,3.3
0.481197,26416,3.3
0.482788,26448,3.3
0.484376,26416,3.3
0.485965,26416,3.3
0.487556,26416,3.3
0.489146,26432,3.3
0.490736,26432,3.31
0.492333,26432,3.31
0.493924,26448,3.31
0.495515,26416,3.3
0.497111,26432,3.3
0.498702,26432,3.3
0.500289,26416,3.3
0.50188,26432,3.3
0.503471,26432,3.3
0.505062,26432,3.3
0.506653,26432,3.3
0.50824,26432,3.3
0.509832,26416,3.3
0.51142,26432,3.3
0.513013,26432,3.3
0.514605,26448,3.3
0.516372,26432,3.31
0.517964,26432,3.3
0.519555,26448,3.31
0.521147,26432,3.31
0.522737,26448,3.31
0.524334,26432,3.31
0.525925,26432,3.31
0.527516,26432,3.3
0.529112,26432,3.3
0.530701,26432,3.3
0.532292,26432,3.3
0.533883,26432,3.31
0.535475,26432,3.31
0.537067,26448,3.31
0.538657,26448,3.3
0.540244,26432,3.31
0.541834,26448,3.31
0.543424,26448,3.31
0.545014,26448,3.31
0.546604,26432,3.3
0.548201,26432,3.31
0.549792,26448,3.31
0.551382,26448,3.31
0.553131,26448,3.31
0.554733,26448,3.31
0.556323,26432,3.31
0.557914,26448,3.31
0.559505,26448,3.31
0.561095,26448,3.3
0.562684,26432,3.3
0.564272,26432,3.3
0.565862,26432,3.3
0.567452,26416,3.3
0.569041,26448,3.3
0.570633,26416,3.3
0.572219,26432,3.3
0.573809,26400,3.3
0.575398,26416,3.3
0.57699,26416,3.31
0.578582,26416,3.3
0.580174,26416,3.3
0.581766,26416,3.3
0.583358,26416,3.3
0.584949,26416,3.3
0.586539,26416,3.3
0.588138,26400,3.31
0.589729,26432,3.3
0.591474,26432,3.3
0.593072,26432,3.3
0.594662,26416,3.3
0.596251,26416,3.31
0.597843,26416,3.3
0.599433,26432,3.3
0.601023,26416,3.3
0.602611,26432,3.3
0.604194,26432,3.3
0.605782,26416,3.3
0.607371,26432,3.3
0.608969,26432,3.3
0.610561,26416,3.3
0.61215,26432,3.3
0.613742,26448,3.3
0.61533,26432,3.3
0.61692,26448,3.31
0.618508,26448,3.31
0.620094,26432,3.31
0.621684,26432,3.31
0.623274,26432,3.3
0.624861,26432,3.3
0.62645,26432,3.31
0.62819,26448,3.31
0.629789,26448,3.3
0.631379,26464,3.31
0.632977,26448,3.31
0.634569,26448,3.31
0.636159,26448,3.31
0.637747,26448,3.3
0.639337,26448,3.31
0.640928,26448,3.31
0.642519,26448,3.31
0.644108,26432,3.3
0.645696,26432,3.31
0.647287,26432,3.31
0.648877,26448,3.31
0.650467,26448,3.31
0.652058,26448,3.31
0.653645,26432,3.31
0.655234,26448,3.31
0.656832,26448,3.31
0.658421,26448,3.31
0.660017,26448,3.31
0.661611,26448,3.31
0.663208,26432,3.31
0.664805,26432,3.31
0.666551,26432,3.3
0.668145,26416,3.3
0.669738,26416,3.3
0.671327,26416,3.31
0.672919,26416,3.3
0.674509,26432,3.3
0.676098,26432,3.31
0.677692,26432,3.3
0.679281,26432,3.3
0.680873,26416,3.3
0.682464,26416,3.3
0.684053,26416,3.3
0.685643,26400,3.3
0.687233,26432,3.3
0.688829,26432,3.3
0.690418,26432,3.3
0.692009,26464,3.3
0.693598,26432,3.31
0.695189,26448,3.3
0.696778,26400,3.3
0.698368,26432,3.3
0.699955,26432,3.3
0.701555,26416,3.3
0.703304,26448,3.3
0.704905,26416,3.3
0.706494,26464,3.3
0.70808,26448,3.31
0.70967,26416,3.3
0.711259,26416,3.3
0.712852,26448,3.31
0.714442,26432,3.31
0.716037,26432,3.31
0.717629,26432,3.31
0.719218,26432,3.31
0.720815,26432,3.31
0.722403,26448,3.31
0.723991,26448,3.31
0.7256,26432,3.3
0.727211,26432,3.3
0.728825,26448,3.31
0.730441,26448,3.31
0.73205,26448,3.3
0.733657,26448,3.3
0.735259,26432,3.31
0.736852,26448,3.31
0.738443,26448,3.31
0.740041,26432,3.31
0.741788,26448,3.31
0.743384,26448,3.3
0.744981,26432,3.31
0.746571,26432,3.31
0.748158,26448,3.31
0.74975,26432,3.31
0.751341,26448,3.31
0.752932,26448,3.31
0.754521,26448,3.31
0.75611,26464,3.31
0.757701,26432,3.31
0.759293,26432,3.31
0.760883,26448,3.31
0.76248,26432,3.31
0.764072,26432,3.3
0.76565,26448,3.3
0.767226,26416,3.3
0.76884,26448,3.3
0.770438,26432,3.3
0.772031,26448,3.3
0.773619,26400,3.3
0.775216,26432,3.3
0.776818,26432,3.3
0.778559,26432,3.3
0.780149,26400,3.3
0.781735,26400,3.3
0.783322,26416,3.3
0.784911,26416,3.3
0.786499,26432,3.3
0.788086,26432,3.3
0.789676,26400,3.3
0.791266,26416,3.31
0.792857,26432,3.3
0.794445,26432,3.3
0.796036,26416,3.3
0.797627,26432,3.3
0.799217,26432,3.3
0.800814,26432,3.3
0.802406,26400,3.3
0.803995,26432,3.3
0.805586,26416,3.3
0.807177,26432,3.31
0.808768,26416,3.3
0.810361,26400,3.3
0.811946,26432,3.31
0.813534,26432,3.3
0.815133,26448,3.31
0.816889,26432,3.31
0.818487,26432,3.3
0.820073,26432,3.31
0.821664,26448,3.31
0.823254,26432,3.31
0.824844,26448,3.31
0.826435,26432,3.31
0.828031,26448,3.3
0.829622,26432,3.3
0.831211,26432,3.3
0.83281,26432,3.3
0.834408,26432,3.3
0.835996,26448,3.31
0.837588,26432,3.31
0.839177,26448,3.31
0.840766,26448,3.31
0.842355,26448,3.31
0.843938,26448,3.31
0.84553,26448,3.31
0.847121,26448,3.31
0.848711,26432,3.31
0.8503,26432,3.3
0.851888,26432,3.3
0.85363,26448,3.3
0.855229,26432,3.31
0.856828,26448,3.31
0.858418,26448,3.31
0.860003,26432,3.31
0.861591,26448,3.31
0.863188,26448,3.3
0.86478,26432,3.31
0.86637,26432,3.3
0.867958,26416,3.3
0.869548,26432,3.3
0.871136,26464,3.31
0.872727,26432,3.3
0.874322,26416,3.3
0.87591,26432,3.3
0.877501,26432,3.3
0.879093,26416,3.31
0.880685,26416,3.3
0.882276,26384,3.3
0.883872,26416,3.3
0.885463,26400,3.3
0.887053,26416,3.3
0.888651,26432,3.31
0.890243,26432,3.3
0.891987,26448,3.3
0.893573,26416,3.31
0.895164,26432,3.3
0.896761,26416,3.3
0.898351,26448,3.3
0.89994,26432,3.3
0.901528,26416,3.3
0.903118,26432,3.3
0.904708,26432,3.3
0.906297,26432,3.3
0.907887,26432,3.3
0.909475,26400,3.3
0.911064,26416,3.3
0.91266,26448,3.31
0.91425,26448,3.31
0.915842,26448,3.31
0.917428,26448,3.31
0.919017,26464,3.31
0.920606,26448,3.3
0.922193,26448,3.31
0.923781,26432,3.31
0.925386,26432,3.3
0.926992,26448,3.31
0.928749,26448,3.31
0.930349,26448,3.31
0.931938,26448,3.31
0.933529,26448,3.31
0.935118,26448,3.31
0.936708,26432,3.3
0.938298,26448,3.3
0.939888,26448,3.3
0.941478,26432,3.31
0.943062,26432,3.31
0.94466,26448,3.3
0.946251,26432,3.31
0.947843,26464,3.31
0.949439,26448,3.31
0.95103,26464,3.3
0.952621,26448,3.31
0.954211,26448,3.3
0.9558,26432,3.3
0.95739,26432,3.31
0.958973,26448,3.3
0.960563,26448,3.31
0.962151,26448,3.31
0.963742,26448,3.3
0.965342,26448,3.3
0.967126,26432,3.3
0.968724,26432,3.31
0.970314,26400,3.3
0.971907,26432,3.31
0.973498,26416,3.3
0.975088,26416,3.3
0.976675,26416,3.3
0.978266,26432,3.3
0.979863,26416,3.3
0.981453,26432,3.3
0.983041,26400,3.3
0.984633,26400,3.3
0.986223,26400,3.3
0.987814,26416,3.3
0.989404,26432,3.3
0.990993,26432,3.31
0.99258,26448,3.31
0.99417,26432,3.3
0.995761,26448,3.3
0.997352,26432,3.3
0.998942,26432,3.3
1.000531,26432,3.3
1.002121,26400,3.3
1.003878,26432,3.3
1.00548,26416,3.3
1.00707,26432,3.3
1.00866,26416,3.3
1.010249,26416,3.3
1.011838,26416,3.31
1.013428,26448,3.31
1.015018,26448,3.31
1.016605,26432,3.31
1.018192,26448,3.3
1.019777,26448,3.31
1.021366,26448,3.31
1.022954,26448,3.31
1.024543,26448,3.31
1.026134,26432,3.31
1.027725,26432,3.31
1.029313,26432,3.31
1.030901,26448,3.3
1.032497,26448,3.31
1.034088,26448,3.31
1.035676,26432,3.31
1.037265,26432,3.3
1.038852,26432,3.31
1.040441,26448,3.31
1.042186,26448,3.31
1.043781,26432,3.3
1.045371,26448,3.31
1.046961,26432,3.31
1.048548,26448,3.31
1.050138,26448,3.31
1.051727,26448,3.31
1.053315,26432,3.31
1.054904,26448,3.31
1.056499,26432,3.3
1.058089,26448,3.31
1.059682,26432,3.31
1.061273,26448,3.3
1.062861,26448,3.31
1.064448,26448,3.31
1.066038,26448,3.3
1.067627,26432,3.3
1.069215,26432,3.3
1.070804,26416,3.31
1.072389,26448,3.3
1.073978,26400,3.3
1.075569,26400,3.31
1.077158,26400,3.3
1.07891,26432,3.3
1.080507,26400,3.3
1.082098,26416,3.3
1.083687,26400,3.3
1.085276,26416,3.3
1.086866,26416,3.3
1.088456,26416,3.31
1.090047,26432,3.3
1.091638,26432,3.31
1.093226,26448,3.3
1.094815,26416,3.31
1.096402,26432,3.3
1.097991,26416,3.3
1.099581,26416,3.31
1.10117,26416,3.3
1.102759,26432,3.3
1.104345,26432,3.3
1.105946,26432,3.3
1.107555,26432,3.3
1.109151,26432,3.3
1.110742,26416,3.3
1.112332,26432,3.31
1.113921,26432,3.31
1.115521,26448,3.31
1.117278,26448,3.31
1.118875,26432,3.31
1.120461,26448,3.31
1.122048,26432,3.3
1.123636,26464,3.31
1.125225,26448,3.31
1.126815,26448,3.31
1.128403,26448,3.31
1.129993,26448,3.31
1.131583,26448,3.31
1.133172,26448,3.31
1.134762,26448,3.3
1.136346,26464,3.31
1.137937,26432,3.3
1.139526,26464,3.31
1.141127,26432,3.3
1.142718,26432,3.3
1.144308,26432,3.31
1.145899,26448,3.31
1.147489,26432,3.31
1.149079,26432,3.3
1.15067,26448,3.31
1.152254,26432,3.31
1.153995,26432,3.31
1.155595,26448,3.31
1.157184,26448,3.31
1.158774,26432,3.31
1.160358,26432,3.31
1.161946,26448,3.31
1.163554,26432,3.31
1.165158,26432,3.31
1.166756,26432,3.3
1.168341,26416,3.31
1.169933,26416,3.3
1.171525,26432,3.31
1.173125,26432,3.3
1.174715,26400,3.3
1.176304,26400,3.3
1.177895,26400,3.3
1.179484,26432,3.3
1.181073,26432,3.3
1.182662,26400,3.3
1.184246,26432,3.3
1.185835,26416,3.3
1.187452,26400,3.3
1.189043,26416,3.31
1.190631,26416,3.3
1.192381,26448,3.31
1.193971,26432,3.3
1.195561,26432,3.3
1.197152,26416,3.3
1.198744,26448,3.3
1.200339,26432,3.3
1.201929,26448,3.3
1.203518,26448,3.3
1.205112,26432,3.3
1.2067,26432,3.3
1.208289,26432,3.31
1.209882,26416,3.3
1.211471,26416,3.3
1.213061,26448,3.31
1.214651,26464,3.31
1.216236,26432,3.31
1.217825,26448,3.31
1.219414,26432,3.31
1.221006,26448,3.31
1.222595,26432,3.31
1.224189,26448,3.31
1.22578,26432,3.3
1.227372,26432,3.3
1.229121,26448,3.31
1.230723,26448,3.31
1.23231,26432,3.3
1.233901,26464,3.31
1.23549,26448,3.31
1.237078,26448,3.31
1.238665,26448,3.31
1.240249,26448,3.3
1.241837,26448,3.31
1.243424,26432,3.31
1.245012,26448,3.31
1.2466,26432,3.3
1.248194,26448,3.31
1.249786,26432,3.3
1.251378,26432,3.31
1.252973,26448,3.31
1.254563,26432,3.31
1.256147,26432,3.3
1.257738,26448,3.3
1.259328,26448,3.31
1.260916,26448,3.31
1.262505,26448,3.31
1.264089,26448,3.31
1.265685,26448,3.3
1.267445,26416,3.31
1.269042,26432,3.3
1.270633,26416,3.3
1.272221,26448,3.31
1.273813,26400,3.3
1.275402,26432,3.3
1.276983,26432,3.3
1.278567,26416,3.3
1.280158,26416,3.3
1.281759,26400,3.3
1.28335,26416,3.3
1.284941,26416,3.3
1.286531,26432,3.3
1.288122,26432,3.3
1.289713,26432,3.3
1.291297,26432,3.31
1.29289,26432,3.3
1.29448,26448,3.3
1.29607,26416,3.3
1.297659,26432,3.3
1.299245,26432,3.3
1.300835,26416,3.3
1.302427,26416,3.3
1.304179,26432,3.31
1.305781,26416,3.3
1.307366,26448,3.3
1.308959,26416,3.3
1.310555,26416,3.3
1.312145,26432,3.31
1.313732,26448,3.31
1.31532,26432,3.31
1.316911,26432,3.31
1.318503,26432,3.31
1.320092,26432,3.31
1.321681,26448,3.31
1.323266,26448,3.31
1.324857,26448,3.3
1.326446,26448,3.3
1.328043,26448,3.31
1.329634,26448,3.31
1.331223,26448,3.31
1.33282,26448,3.3
1.33441,26432,3.3
1.335999,26432,3.31
1.337586,26448,3.31
1.33917,26432,3.3
1.340763,26432,3.31
1.342515,26432,3.3
1.344114,26432,3.31
1.345707,26432,3.31
1.347296,26416,3.3
1.348888,26432,3.3
1.350479,26448,3.31
1.352071,26448,3.3
1.353664,26448,3.31
1.355256,26448,3.31
1.356846,26448,3.31
1.358435,26448,3.31
1.360033,26432,3.31
1.361625,26448,3.3
1.363214,26448,3.3
1.364809,26448,3.31
1.3664,26448,3.3
1.367992,26416,3.3
1.369582,26432,3.3
1.371167,26416,3.3
1.37276,26448,3.3
1.374348,26416,3.3
1.375938,26416,3.3
1.377536,26432,3.31
1.379279,26416,3.3
1.380884,26416,3.3
1.382475,26416,3.3
1.384065,26416,3.3
1.385655,26416,3.3
1.387245,26400,3.3
1.388836,26400,3.3
1.390422,26448,3.3
1.392015,26432,3.3
1.393608,26432,3.3
1.395198,26416,3.3
1.396787,26432,3.3
1.398376,26432,3.3
1.399965,26416,3.3
1.401559,26416,3.3
1.403149,26432,3.31
1.404738,26432,3.3
1.406326,26416,3.31
1.407911,26432,3.3
1.409501,26416,3.3
1.41109,26416,3.3
1.41268,26432,3.31
1.41427,26416,3.31
1.415864,26448,3.31
1.417653,26448,3.31
1.419251,26448,3.31
1.420843,26448,3.31
1.422433,26432,3.3
1.424026,26448,3.31
1.425618,26432,3.31
1.427209,26432,3.31
1.428807,26448,3.31
1.430397,26432,3.31
1.431986,26432,3.31
1.433578,26448,3.31
1.435167,26448,3.31
1.436752,26448,3.3
1.438341,26432,3.31
1.439927,26432,3.31
1.441517,26464,3.3
1.443105,26448,3.31
1.444694,26448,3.31
1.446282,26448,3.3
1.447877,26448,3.31
1.449466,26448,3.31
1.451055,26432,3.31
1.45265,26432,3.31
1.454394,26448,3.3
1.45599,26432,3.31
1.457582,26448,3.31
1.459172,26432,3.31
1.46076,26448,3.31
1.46235,26448,3.31
1.463939,26448,3.3
1.46553,26432,3.31
1.467129,26448,3.3
1.468719,26432,3.31
1.470308,26400,3.3
1.471896,26432,3.31
1.473491,26416,3.3
1.475079,26416,3.3
1.476672,26432,3.3
1.478261,26400,3.3
1.479856,26416,3.3
1.481446,26416,3.3
1.483036,26384,3.3
1.484625,26400,3.3
1.486216,26400,3.3
1.487803,26400,3.3
1.489392,26384,3.3
1.490983,26400,3.3
1.492734,26400,3.3
1.494331,26400,3.3
1.495918,26384,3.3
1.497509,26416,3.3
1.499098,26400,3.3
1.500689,26384,3.3
1.502276,26400,3.3
1.503873,26384,3.3
1.505465,26416,3.3
1.507055,26400,3.3
1.508651,26400,3.3
1.510243,26384,3.3
1.511828,26400,3.3
1.513419,26416,3.3
1.515009,26384,3.3
1.516599,26416,3.3
1.518188,26400,3.3
1.519776,26384,3.3
1.521366,26400,3.3
1.522956,26400,3.3
1.524545,26400,3.3
1.526134,26400,3.3
1.52772,26416,3.3
1.529463,26400,3.3
1.531064,26400,3.3
1.532664,26400,3.3
1.534254,26400,3.3
1.535839,26400,3.3
1.537429,26432,3.3
1.539017,26400,3.3
1.540606,26400,3.3
1.542194,26416,3.3
1.543781,26400,3.3
1.545371,26400,3.3
1.546961,26416,3.3
1.54855,26400,3.3
1.550139,26400,3.3
1.551724,26400,3.3
1.553315,26400,3.3
1.554905,26384,3.3
1.556503,26400,3.3
1.558095,26384,3.3
1.559684,26400,3.3
1.561275,26400,3.3
1.562867,26432,3.31
1.564457,26448,3.31
1.566046,26448,3.3
1.567788,26432,3.3
1.569379,26448,3.3
1.570968,26416,3.3
1.572556,26448,3.3
1.574145,26400,3.3
1.575733,26416,3.3
1.577324,26416,3.3
1.578913,26432,3.3
1.580503,26416,3.3
1.582092,26400,3.3
1.583678,26416,3.3
1.585266,26416,3.3
1.586855,26416,3.3
1.588445,26400,3.3
1.590033,26416,3.3
1.591619,26432,3.31
1.593207,26416,3.3
1.594794,26448,3.3
1.596382,26432,3.3
1.597972,26448,3.3
1.599565,26416,3.3
1.601156,26416,3.3
1.602745,26432,3.3
1.604495,26432,3.31
1.606097,26432,3.31
1.607685,26432,3.31
1.609275,26432,3.3
1.610864,26416,3.3
1.612453,26432,3.31
1.614041,26448,3.31
1.615625,26448,3.31
1.617213,26432,3.31
1.618798,26432,3.3
1.620386,26448,3.3
1.621974,26448,3.31
1.623563,26448,3.31
1.625151,26464,3.3
1.626742,26448,3.3
1.628335,26448,3.3
1.629924,26432,3.31
1.631508,26432,3.31
1.633192,26432,3.3
1.634877,26448,3.3
1.636561,26432,3.31
1.638194,26448,3.3
1.639875,26432,3.3
1.641552,26432,3.31
1.643389,26448,3.31
1.645068,26432,3.31
1.646753,26448,3.31
1.648383,26448,3.3
1.650056,26432,3.31
1.651733,26448,3.3
1.653406,26448,3.31
1.655069,26448,3.31
1.656766,26448,3.31
1.658442,26432,3.31
1.660105,26448,3.31
1.661803,26448,3.31
1.663479,26432,3.3
1.665147,26432,3.31
1.666841,26432,3.3
1.668519,26416,3.31
1.670146,26432,3.3
1.671818,26416,3.3
1.673493,26416,3.3
1.675168,26416,3.3
1.676835,26432,3.3
1.678522,26416,3.3
1.680196,26432,3.3
1.682023,26416,3.3
1.683712,26416,3.3
1.685386,26400,3.3
1.687055,26416,3.3
1.688744,26416,3.3
1.690416,26432,3.3
1.692077,26432,3.3
1.693765,26448,3.3
1.695437,26432,3.3
1.697104,26416,3.3
1.698788,26432,3.3
1.700461,26416,3.3
1.702138,26416,3.3
1.703773,26432,3.3
1.705456,26448,3.3
1.707131,26448,3.3
1.70881,26432,3.3
1.710489,26416,3.3
1.712175,26416,3.31
1.713813,26448,3.31
1.715492,26432,3.31
1.717167,26448,3.31
1.718845,26432,3.31
1.720535,26448,3.3
1.722376,26432,3.31
1.724005,26432,3.3
1.725678,26432,3.31
1.727352,26432,3.3
1.729046,26432,3.31
1.730724,26432,3.31
1.732355,26432,3.3
1.734029,26448,3.31
1.735704,26432,3.31
1.737383,26448,3.3
1.739061,26448,3.31
1.740696,26432,3.3
1.742374,26432,3.31
1.74405,26448,3.31
1.74573,26432,3.31
1.747413,26432,3.3
1.749096,26416,3.3
1.750724,26432,3.3
1.752398,26464,3.31
1.754071,26448,3.3
1.755759,26432,3.31
1.757434,26432,3.3
1.759063,26464,3.3
1.7609,26448,3.31
1.762575,26448,3.31
1.764249,26432,3.3
1.765922,26448,3.31
1.767602,26400,3.3
1.769265,26416,3.3
1.770955,26400,3.3
1.772634,26416,3.3
1.774267,26400,3.3
1.775945,26416,3.3
1.777619,26432,3.3
1.779293,26416,3.3
1.780971,26400,3.3
1.782652,26416,3.3
1.784284,26416,3.3
1.785956,26400,3.3
1.787631,26416,3.3
1.7893,26400,3.3
1.790964,26416,3.3
1.792593,26416,3.31
1.794273,26416,3.3
1.795947,26448,3.3
1.797638,26416,3.31
1.799316,26432,3.3
1.801157,26416,3.3
1.802795,26400,3.31
1.80447,26432,3.3
1.806144,26432,3.3
1.807823,26400,3.3
1.809496,26432,3.3
1.811176,26400,3.3
1.812849,26432,3.31
1.814539,26432,3.3
1.816214,26448,3.31
1.817841,26432,3.3
1.819512,26448,3.3
1.821197,26448,3.31
1.822879,26432,3.31
1.824564,26432,3.3
1.826199,26432,3.3
1.827878,26448,3.31
1.829556,26448,3.3
1.831236,26432,3.31
1.832919,26432,3.31
1.834601,26432,3.3
1.836236,26432,3.31
1.837914,26432,3.3
1.839768,26432,3.3
1.841442,26432,3.3
1.843121,26432,3.3
1.844799,26448,3.31
1.846433,26432,3.31
1.848112,26432,3.31
1.849785,26432,3.31
1.851464,26416,3.31
1.853146,26448,3.3
1.854784,26448,3.31
1.856462,26432,3.31
1.858138,26432,3.3
1.859823,26432,3.3
1.861505,26432,3.31
1.863186,26448,3.31
1.864865,26432,3.31
1.866552,26432,3.3
1.868243,26432,3.3
1.869918,26416,3.3
1.871557,26432,3.3
1.873234,26432,3.3
1.874908,26416,3.3
1.876582,26416,3.3
1.878258,26400,3.3
1.880133,26400,3.3
1.881823,26416,3.3
1.883496,26400,3.3
1.885158,26416,3.3
1.886842,26432,3.3
1.88852,26448,3.3
1.890194,26416,3.3
1.891826,26416,3.3
1.893505,26432,3.3
1.895177,26416,3.31
1.896858,26432,3.3
1.898538,26432,3.3
1.900217,26416,3.3
1.90185,26416,3.3
1.903527,26416,3.31
1.905208,26432,3.3
1.90688,26416,3.3
1.908555,26416,3.3
1.910235,26400,3.3
1.911877,26416,3.3
1.913557,26432,3.31
1.915229,26432,3.31
1.916912,26448,3.31
1.91875,26432,3.3
1.920432,26448,3.3
1.922061,26432,3.31
1.92375,26432,3.31
1.925427,26448,3.31
1.927108,26432,3.31
1.928791,26432,3.31
1.930434,26448,3.3
1.932109,26448,3.31
1.933784,26448,3.31
1.935458,26448,3.3
1.937134,26448,3.31
1.93881,26432,3.31
1.940437,26432,3.3
1.942107,26448,3.3
1.943781,26432,3.3
1.945461,26432,3.31
1.947146,26432,3.31
1.948774,26432,3.31
1.950445,26432,3.31
1.952117,26448,3.31
1.953795,26416,3.31
1.955478,26448,3.31
1.957115,26448,3.31
1.958889,26448,3.3
1.960496,26432,3.31
1.962098,26432,3.31
1.963707,26448,3.31
1.965312,26448,3.31
1.966907,26432,3.3
1.968518,26416,3.3
1.970121,26448,3.3
1.971717,26448,3.31
1.973314,26432,3.3
1.974902,26416,3.3
1.976501,26416,3.3
1.978097,26432,3.3
1.979699,26416,3.3
1.981303,26416,3.3
1.982904,26416,3.3
1.984507,26416,3.3
1.986107,26400,3.3
1.987708,26400,3.3
1.989309,26416,3.3
1.990902,26416,3.3
1.992506,26400,3.3
1.994108,26448,3.31
1.995865,26432,3.3
1.99747,26416,3.3
1.999064,26432,3.3
2.000663,26416,3.3
2.002262,26432,3.3
2.003861,26432,3.3
2.005463,26432,3.3
2.00706,26448,3.3
2.008663,26432,3.3
2.010264,26400,3.3
2.01187,26416,3.3
2.013469,26448,3.31
2.015061,26432,3.3
2.016661,26448,3.31
2.018254,26432,3.31
2.019847,26432,3.31
2.021438,26448,3.3
2.023029,26432,3.31
2.024624,26448,3.3
2.026217,26448,3.3
2.027817,26432,3.3
2.02941,26432,3.31
2.030997,26448,3.31
2.032588,26432,3.31
2.03434,26432,3.31
2.035941,26448,3.31
2.037533,26448,3.3
2.039126,26448,3.3
2.040719,26432,3.31
2.04231,26432,3.31
2.043903,26448,3.3
2.045494,26432,3.3
2.047086,26432,3.31
2.048678,26432,3.31
2.050271,26432,3.3
2.051871,26432,3.3
2.053471,26448,3.31
2.055061,26448,3.31
2.056662,26448,3.3
2.058265,26432,3.31
2.059874,26432,3.3
2.061477,26432,3.31
2.063064,26432,3.3
2.064663,26448,3.31
2.066255,26448,3.3
2.067858,26416,3.3
2.069458,26416,3.3
2.071205,26432,3.3
2.072813,26432,3.3
2.074412,26400,3.3
2.076005,26416,3.3
2.077599,26432,3.3
2.079193,26432,3.3
2.080784,26416,3.3
2.082375,26416,3.3
2.083965,26416,3.3
2.085557,26416,3.3
2.08715,26432,3.3
2.088743,26416,3.3
2.090335,26400,3.3
2.091927,26416,3.31
2.093519,26432,3.3
2.09511,26432,3.31
2.096702,26416,3.3
2.098295,26432,3.3
2.09989,26432,3.3
2.101493,26416,3.3
2.103085,26416,3.3
2.104677,26416,3.3
2.106268,26416,3.3
2.107866,26432,3.3
2.109626,26448,3.3
2.111226,26416,3.3
2.112827,26416,3.31
2.11442,26448,3.31
2.116019,26448,3.31
2.117617,26432,3.31
2.119207,26448,3.3
2.120806,26432,3.31
2.122398,26448,3.31
2.123987,26448,3.31
2.125577,26448,3.31
2.12717,26432,3.31
2.12876,26432,3.31
2.130353,26448,3.31
2.131943,26448,3.3
2.133533,26432,3.31
2.135125,26432,3.31
2.136716,26432,3.31
2.138311,26432,3.31
2.139903,26432,3.31
2.141493,26432,3.3
2.143084,26448,3.3
2.144672,26432,3.31
2.146419,26448,3.31
2.148048,26448,3.31
2.149651,26448,3.31
2.151242,26448,3.3
2.152831,26448,3.31
2.154423,26432,3.31
2.156021,26448,3.31
2.157615,26448,3.3
2.159209,26448,3.3
2.160804,26448,3.3
2.162398,26448,3.3
2.16399,26432,3.3
2.16558,26432,3.31
2.167173,26432,3.3
2.168768,26416,3.3
2.170361,26448,3.3
2.171952,26448,3.3
2.173543,26432,3.3
2.175133,26416,3.3
2.176721,26416,3.3
2.178312,26416,3.3
2.179903,26432,3.3
2.181495,26416,3.3
2.183086,26416,3.3
2.184836,26416,3.3
2.186431,26416,3.3
2.188028,26432,3.3
2.189629,26432,3.3
2.191225,26416,3.3
2.192823,26432,3.3
2.194418,26416,3.31
2.196013,26432,3.3
2.197608,26416,3.3
2.199203,26432,3.3
2.200793,26416,3.3
2.202391,26432,3.3
2.203985,26432,3.3
2.20558,26432,3.3
2.207174,26432,3.3
2.208765,26416,3.3
2.210358,26384,3.3
2.211948,26416,3.3
2.213537,26432,3.3
2.215131,26432,3.3
2.216726,26448,3.31
2.218336,26432,3.31
2.219937,26448,3.3
2.221684,26432,3.31
2.223285,26432,3.3
2.224875,26432,3.3
2.226466,26432,3.3
2.228057,26448,3.3
2.229643,26432,3.31
2.231232,26432,3.31
2.232831,26432,3.31
2.234423,26448,3.31
2.236021,26432,3.31
2.237617,26432,3.3
2.239205,26432,3.3
2.2408,26432,3.31
2.242398,26448,3.31
2.243993,26448,3.31
2.24558,26448,3.31
2.247174,26448,3.31
2.248768,26432,3.3
2.250359,26448,3.31
2.251951,26448,3.3
2.253539,26432,3.31
2.255131,26432,3.3
2.256723,26448,3.3
2.258314,26432,3.31
2.260075,26432,3.31
2.261675,26448,3.31
2.263268,26432,3.31
2.264862,26432,3.31
2.266452,26432,3.3
2.268046,26432,3.3
2.269639,26432,3.3
2.271235,26416,3.31
2.272829,26448,3.3
2.274418,26416,3.3
2.276004,26432,3.3
2.277595,26416,3.31
2.279185,26400,3.3
2.280775,26416,3.3
2.282362,26416,3.3
2.283949,26416,3.3
2.285534,26416,3.3
2.287122,26400,3.3
2.288711,26416,3.3
2.290299,26448,3.3
2.29191,26416,3.3
2.293526,26416,3.31
2.295134,26448,3.3
2.296904,26416,3.3
2.29851,26432,3.3
2.300109,26432,3.3
2.30169,26416,3.3
2.303269,26432,3.3
2.304869,26432,3.31
2.306467,26416,3.31
2.30806,26432,3.31
2.309652,26416,3.3
2.311245,26416,3.3
2.31283,26432,3.3
2.314421,26432,3.31
2.316021,26432,3.3
2.317622,26432,3.31
2.319216,26448,3.31
2.320815,26432,3.31
2.322413,26432,3.31
2.324004,26432,3.3
2.325595,26432,3.3
2.327186,26448,3.31
2.328778,26432,3.31
2.330367,26432,3.31
2.331955,26448,3.31
2.333548,26448,3.3
2.335342,26448,3.3
2.336943,26448,3.3
2.338533,26448,3.31
2.340154,26464,3.3
2.34175,26432,3.31
2.343339,26432,3.31
2.344919,26448,3.31
2.346499,26432,3.31
2.348077,26448,3.31
2.349656,26448,3.31
2.351232,26448,3.31
2.352829,26448,3.31
2.354421,26432,3.3
2.356018,26464,3.31
2.357608,26432,3.31
2.359198,26432,3.3
2.360787,26448,3.3
2.362379,26432,3.31
2.363969,26432,3.31
2.36556,26448,3.31
2.367151,26448,3.3
2.368743,26432,3.31
2.370335,26448,3.3
2.37209,26432,3.31
2.373703,26432,3.3
2.375326,26432,3.3
2.376927,26432,3.3
2.378526,26432,3.3
2.380118,26416,3.3
2.38171,26416,3.3
2.383303,26400,3.3
2.3849,26416,3.3
2.386491,26400,3.3
2.388083,26416,3.3
2.389674,26448,3.3
2.391264,26416,3.3
2.392853,26432,3.3
2.394442,26432,3.3
2.396041,26416,3.3
2.397636,26416,3.3
2.399225,26432,3.3
2.400822,26432,3.3
2.40241,26416,3.3
2.404002,26416,3.3
2.405593,26448,3.3
2.407183,26400,3.31
2.408773,26416,3.3
2.410546,26416,3.3
2.412146,26432,3.3
2.413734,26448,3.31
2.415324,26448,3.3
2.416912,26432,3.31
2.418502,26448,3.31
2.42009,26416,3.31
2.421678,26448,3.3
2.423266,26432,3.31
2.424854,26432,3.31
2.426443,26448,3.31
2.428042,26448,3.31
2.429632,26448,3.31
2.431223,26464,3.31
2.432819,26448,3.31
2.434407,26448,3.31
2.435992,26448,3.31
2.437582,26432,3.31
2.439172,26432,3.31
2.440764,26448,3.31
2.442354,26448,3.3
2.443942,26448,3.31
2.445533,26448,3.3
2.447277,26448,3.31
2.448877,26432,3.3
2.450468,26432,3.3
2.452052,26432,3.3
2.453642,26432,3.31
2.455234,26432,3.3
2.456826,26432,3.31
2.458417,26432,3.3
2.460004,26432,3.3
2.461593,26432,3.31
2.46318,26432,3.31
2.464773,26432,3.3
2.46637,26432,3.31
2.467954,26416,3.3
2.469557,26432,3.31
2.471153,26400,3.3
2.472743,26432,3.3
2.474331,26416,3.3
2.47592,26432,3.3
2.47751,26400,3.3
2.479101,26416,3.3
2.480691,26416,3.3
2.482282,26416,3.3
2.483876,26432,3.3
2.485626,26416,3.3
2.487221,26416,3.3
2.488815,26432,3.3
2.490404,26432,3.3
2.491987,26400,3.3
2.493574,26432,3.31
2.495161,26432,3.3
2.496746,26432,3.3
2.498335,26416,3.3
2.499923,26416,3.3
2.501513,26416,3.3
2.503155,26416,3.3
2.504828,26416,3.3
2.506436,26416,3.3
2.508035,26432,3.3
2.50962,26416,3.3
2.5112,26400,3.3
2.512784,26432,3.3
2.514364,26432,3.31
2.515945,26432,3.31
2.517525,26448,3.3
2.519105,26448,3.31
2.520687,26448,3.31
2.522436,26448,3.31
2.524042,26432,3.3
2.525645,26432,3.3
2.527246,26432,3.3
2.528839,26432,3.3
2.53043,26448,3.31
2.532033,26432,3.3
2.533634,26448,3.31
2.535221,26448,3.31
2.536822,26448,3.31
2.538414,26448,3.3
2.540007,26448,3.3
2.541598,26432,3.31
2.543188,26432,3.31
2.544781,26448,3.31
2.546373,26448,3.3
2.547966,26432,3.31
2.549558,26448,3.31
2.551157,26448,3.31
2.552751,26448,3.31
2.554342,26432,3.31
2.555934,26448,3.31
2.557523,26432,3.3
2.559109,26432,3.31
2.560858,26432,3.3
2.562451,26448,3.31
2.564044,26448,3.3
2.565635,26448,3.31
2.567227,26448,3.3
2.568824,26416,3.3
2.570425,26448,3.3
2.572024,26432,3.3
2.573623,26416,3.3
2.575214,26416,3.3
2.576812,26432,3.3
2.578406,26416,3.3
2.579997,26416,3.3
2.58159,26400,3.3
2.583183,26416,3.3
2.584771,26400,3.3
2.586364,26400,3.3
2.587955,26400,3.3
2.589546,26416,3.3
2.591136,26432,3.3
2.592724,26432,3.3
2.594317,26432,3.3
2.595907,26400,3.3
2.597655,26432,3.3
2.599259,26416,3.3
2.600853,26432,3.3
2.602447,26432,3.3
2.604042,26416,3.31
2.605633,26432,3.3
2.607225,26416,3.3
2.608822,26416,3.3
2.610414,26416,3.3
2.612005,26416,3.3
2.613598,26448,3.3
2.61522,26432,3.3
2.616853,26416,3.3
2.618461,26416,3.3
2.620065,26448,3.31
2.621662,26448,3.31
2.623263,26432,3.3
2.624863,26432,3.31
2.626453,26448,3.3
2.628046,26448,3.31
2.62965,26432,3.3
2.631253,26432,3.31
2.632845,26448,3.3
2.634436,26448,3.31
2.636204,26448,3.31
2.637802,26448,3.31
2.639395,26448,3.31
2.640993,26448,3.31
2.642583,26448,3.31
2.644184,26448,3.3
2.645783,26448,3.3
2.647375,26432,3.31
2.648974,26432,3.3
2.65056,26448,3.31
2.652153,26432,3.31
2.653738,26448,3.3
2.65532,26448,3.3
2.656914,26448,3.31
2.658512,26448,3.31
2.660105,26448,3.31
2.661704,26432,3.31
2.663293,26432,3.3
2.664882,26448,3.31
2.66647,26432,3.31
2.668063,26432,3.3
2.669653,26416,3.3
2.67125,26400,3.3
2.672998,26416,3.3
2.674596,26416,3.3
2.676197,26432,3.3
2.677796,26416,3.3
2.679388,26416,3.3
2.680986,26448,3.3
2.682585,26416,3.3
2.684185,26432,3.3
2.68578,26400,3.3
2.687372,26416,3.3
2.68897,26416,3.3
2.690561,26448,3.3
2.692154,26416,3.31
2.693748,26416,3.3
2.695347,26432,3.3
2.696938,26416,3.3
2.698525,26432,3.3
2.700116,26432,3.3
2.701707,26416,3.31
2.703298,26416,3.3
2.704887,26432,3.31
2.706477,26432,3.3
2.708067,26432,3.3
2.709669,26416,3.3
2.711429,26432,3.3
2.71303,26416,3.31
2.714618,26464,3.31
2.716211,26432,3.31
2.717801,26432,3.3
2.719392,26432,3.31
2.720992,26448,3.31
2.722582,26448,3.31
2.72418,26448,3.31
2.725779,26432,3.31
2.727371,26448,3.31
2.728974,26448,3.31
2.730571,26432,3.31
2.732167,26432,3.3
2.733777,26448,3.31
2.735375,26448,3.3
2.737002,26432,3.3
2.738599,26448,3.3
2.740267,26448,3.31
2.741871,26448,3.31
2.743473,26448,3.31
2.745067,26448,3.31
2.746659,26448,3.31
2.74843,26432,3.31
2.750041,26448,3.31
2.751642,26448,3.31
2.753234,26448,3.31
2.754826,26432,3.3
2.756412,26448,3.31
2.758004,26448,3.31
2.759598,26464,3.31
2.761191,26432,3.3
2.762782,26432,3.3
2.764374,26432,3.31
2.765962,26432,3.3
2.767556,26432,3.3
2.769148,26416,3.3
2.77074,26432,3.3
2.772376,26432,3.3
2.773991,26432,3.3
2.775594,26416,3.3
2.777197,26416,3.3
2.778793,26432,3.3
2.780387,26416,3.3
2.781983,26400,3.3
2.783578,26416,3.3
2.785169,26400,3.3
2.786968,26416,3.3
2.788568,26432,3.3
2.790157,26432,3.3
2.79175,26432,3.3
2.793344,26448,3.3
2.794938,26416,3.3
2.796535,26432,3.3
2.798137,26432,3.3
2.799731,26432,3.3
2.801331,26432,3.3
2.802928,26432,3.3
2.804524,26416,3.3
2.806114,26448,3.3
2.807713,26448,3.3
2.809315,26432,3.3
2.810911,26400,3.3
2.8125,26432,3.3
2.814079,26432,3.3
2.815665,26448,3.31
2.817269,26448,3.31
2.818864,26448,3.31
2.820463,26448,3.31
2.822067,26448,3.3
2.82384,26448,3.31
2.825448,26448,3.3
2.827049,26448,3.31
2.828661,26432,3.31
2.830264,26448,3.31
2.831863,26432,3.31
2.833463,26432,3.31
2.835055,26432,3.31
2.836658,26432,3.31
2.838252,26432,3.31
2.839847,26432,3.31
2.841439,26448,3.31
2.843034,26432,3.3
2.844626,26432,3.3
2.84622,26448,3.3
2.847817,26432,3.31
2.849461,26432,3.31
2.851081,26432,3.3
2.852681,26432,3.3
2.854278,26448,3.3
2.855881,26432,3.3
2.857485,26432,3.3
2.859087,26448,3.31
2.86068,26432,3.31
2.862484,26448,3.31
2.864096,26448,3.31
2.865696,26432,3.31
2.867294,26432,3.3
2.868882,26416,3.3
2.870472,26448,3.3
2.872066,26416,3.3
2.873661,26432,3.3
2.87525,26400,3.3
2.876847,26416,3.3
2.878439,26432,3.3
2.880044,26432,3.3
2.881642,26400,3.3
2.883234,26416,3.3
2.884828,26416,3.3
2.886422,26416,3.3
2.888024,26432,3.3
2.889627,26432,3.3
2.891219,26416,3.3
2.892818,26432,3.31
2.894413,26448,3.3
2.896005,26432,3.31
2.897598,26416,3.3
2.899348,26432,3.3
2.900935,26448,3.3
2.902525,26416,3.3
2.904117,26416,3.3
2.905708,26416,3.3
2.907305,26416,3.31
2.908895,26416,3.3
2.910486,26416,3.3
2.912079,26432,3.3
2.913681,26448,3.31
2.915276,26448,3.31
2.916873,26448,3.31
2.918466,26432,3.31
2.920059,26448,3.3
2.921652,26448,3.31
2.923242,26448,3.31
2.924833,26448,3.31
2.926424,26448,3.31
2.928024,26432,3.3
2.929624,26448,3.3
2.931214,26448,3.31
2.932808,26432,3.3
2.934401,26432,3.3
2.935993,26432,3.3
2.937755,26432,3.3
2.939352,26448,3.31
2.940941,26432,3.31
2.942533,26448,3.31
2.944126,26448,3.31
2.945717,26432,3.3
2.947308,26432,3.31
2.9489,26432,3.31
2.950495,26432,3.3
2.952093,26432,3.31
2.953692,26464,3.3
2.955284,26448,3.31
2.95687,26432,3.31
2.958461,26432,3.3
2.960048,26432,3.3
2.961638,26432,3.31
2.963229,26448,3.31
2.964829,26448,3.31
2.966424,26432,3.31
2.968022,26432,3.3
2.969612,26432,3.3
2.971201,26416,3.3
2.972796,26416,3.31
2.974541,26416,3.3
2.97614,26432,3.3
2.977734,26432,3.3
2.979325,26416,3.31
2.98091,26416,3.3
2.982555,26400,3.3
2.984243,26432,3.3
2.985932,26416,3.3
2.987577,26416,3.3
2.989258,26400,3.3
2.990938,26432,3.3
2.992621,26416,3.3
2.994297,26432,3.3
2.99598,26432,3.3
2.997611,26416,3.3
2.999286,26432,3.3
3.00096,26432,3.3
3.002633,26432,3.3
3.004319,26416,3.31
3.005947,26432,3.3
3.007618,26432,3.3
3.009291,26432,3.3
3.010969,26400,3.3
3.012648,26432,3.3
3.014444,26448,3.31
3.016125,26432,3.3
3.017797,26448,3.31
3.019473,26448,3.3
3.021156,26432,3.3
3.022832,26432,3.3
3.024471,26432,3.3
3.026147,26432,3.3
3.027822,26448,3.31
3.029497,26432,3.31
3.031174,26432,3.3
3.032871,26432,3.3
3.034542,26432,3.31
3.036239,26432,3.3
3.037915,26448,3.31
3.039555,26432,3.3
3.041234,26448,3.3
3.042906,26432,3.31
3.04458,26448,3.31
3.046273,26432,3.3
3.047945,26448,3.31
3.049636,26432,3.3
3.05131,26448,3.31
3.053144,26432,3.3
3.054776,26432,3.3
3.056455,26432,3.31
3.058129,26448,3.3
3.059803,26448,3.31
3.061479,26448,3.31
3.063157,26448,3.31
3.064785,26448,3.3
3.066458,26432,3.31
3.068137,26416,3.3
3.069817,26432,3.3
3.071491,26400,3.3
3.07318,26416,3.3
3.074854,26416,3.3
3.076498,26416,3.3
3.078177,26416,3.3
3.079852,26400,3.31
3.08153,26416,3.3
3.083204,26416,3.3
3.084886,26400,3.3
3.086551,26432,3.3
3.088244,26416,3.3
3.089918,26432,3.3
3.091601,26432,3.3
3.093393,26432,3.3
3.095075,26432,3.3
3.096749,26432,3.3
3.098429,26432,3.3
3.100106,26432,3.3
3.101781,26416,3.3
3.103409,26400,3.3
3.105084,26416,3.3
3.106723,26416,3.3
3.108341,26432,3.3
3.109943,26416,3.3
3.111542,26400,3.3
3.11318,26432,3.3
3.114798,26448,3.31
3.1164,26448,3.3
3.118001,26432,3.31
3.119596,26448,3.31
3.121189,26432,3.31
3.12278,26448,3.31
3.124374,26448,3.31
3.125967,26448,3.3
3.127561,26448,3.31
3.129154,26448,3.31
3.13092,26432,3.31
3.132523,26432,3.3
3.134125,26448,3.31
3.135717,26448,3.3
3.137309,26432,3.31
3.138908,26432,3.31
3.140507,26448,3.31
3.142101,26432,3.31
3.143707,26432,3.31
3.1453,26432,3.3
3.146894,26432,3.3
3.148487,26432,3.31
3.150079,26448,3.31
3.15167,26432,3.3
3.153263,26448,3.31
3.154853,26432,3.3
3.156447,26432,3.3
3.158041,26448,3.3
3.159634,26448,3.3
3.161236,26432,3.31
3.162828,26432,3.31
3.16442,26448,3.31
3.166018,26448,3.31
3.167612,26448,3.3
3.169372,26416,3.3
3.170966,26416,3.3
3.172566,26400,3.3
3.174158,26432,3.3
3.17575,26416,3.3
3.177342,26432,3.3
3.178934,26416,3.3
3.180525,26416,3.3
3.182117,26416,3.3
3.183738,26400,3.3
3.18534,26400,3.3
3.186933,26400,3.3
3.188526,26416,3.3
3.19012,26416,3.3
3.191719,26432,3.3
3.193312,26432,3.3
3.194903,26416,3.31
3.1965,26432,3.3
3.198092,26432,3.3
3.199682,26416,3.3
3.201272,26432,3.3
3.202865,26400,3.3
3.204457,26416,3.3
3.206211,26416,3.3
3.207811,26432,3.3
3.209398,26432,3.3
3.210989,26400,3.3
3.212579,26400,3.3
3.21417,26448,3.31
3.215763,26448,3.31
3.217358,26448,3.3
3.218947,26448,3.31
3.220536,26432,3.3
3.222127,26432,3.3
3.223718,26416,3.31
3.225304,26448,3.31
3.226896,26432,3.31
3.228497,26432,3.3
3.230089,26432,3.31
3.231682,26448,3.31
3.233277,26432,3.31
3.234869,26448,3.31
3.236461,26448,3.3
3.238053,26432,3.31
3.239655,26432,3.31
3.241252,26448,3.31
3.242844,26448,3.3
3.244686,26448,3.31
3.246366,26448,3.3
3.248004,26432,3.31
3.249684,26448,3.31
3.251365,26432,3.3
3.253055,26448,3.31
3.254734,26432,3.31
3.256403,26432,3.3
3.258098,26448,3.31
3.259778,26448,3.3
3.261448,26448,3.31
3.263143,26432,3.31
3.264818,26448,3.3
3.266447,26432,3.3
3.268122,26416,3.3
3.2698,26416,3.31
3.271478,26400,3.3
3.273264,26416,3.3
3.274953,26416,3.3
3.276631,26416,3.3
3.278319,26416,3.3
3.279955,26432,3.3
3.281636,26416,3.3
3.283479,26400,3.3
3.285165,26400,3.3
3.286841,26432,3.3
3.288507,26416,3.3
3.2902,26416,3.3
3.291836,26416,3.3
3.29352,26432,3.3
3.295198,26416,3.3
3.29689,26432,3.3
3.298576,26416,3.3
3.300211,26432,3.3
3.301888,26432,3.3
3.303574,26416,3.3
3.305256,26400,3.3
3.306931,26416,3.3
3.308613,26432,3.3
3.310242,26416,3.3
3.311924,26400,3.3
3.3136,26400,3.3
3.315275,26464,3.3
3.316938,26432,3.31
3.318626,26448,3.31
3.320302,26448,3.3
3.321967,26432,3.3
3.323826,26432,3.3
3.325488,26448,3.3
3.327104,26432,3.3
3.328777,26432,3.3
3.330452,26432,3.3
3.332128,26448,3.31
3.333793,26432,3.3
3.33548,26432,3.3
3.337151,26448,3.3
3.338818,26448,3.3
3.340502,26448,3.3
3.342177,26448,3.31
3.343852,26432,3.3
3.345478,26448,3.31
3.347082,26448,3.31
3.348679,26432,3.3
3.350282,26432,3.3
3.351886,26432,3.3
3.35348,26432,3.3
3.355077,26432,3.31
3.356669,26448,3.3
3.358259,26448,3.3
3.359859,26432,3.31
3.361619,26448,3.31
3.363221,26448,3.31
3.364824,26432,3.31
3.366425,26448,3.31
3.368025,26432,3.3
3.369625,26416,3.31
3.371219,26416,3.3
3.372822,26416,3.31
3.374419,26400,3.3
3.376009,26416,3.3
3.377602,26416,3.3
3.379186,26400,3.3
3.380822,26416,3.3
3.382501,26416,3.3
3.38418,26416,3.3
3.385861,26432,3.3
3.387547,26416,3.3
3.389215,26416,3.3
3.390903,26416,3.3
3.392578,26432,3.3
3.394205,26432,3.3
3.395879,26448,3.3
3.397554,26416,3.3
3.399228,26416,3.3
3.401057,26416,3.3
3.402745,26400,3.3
3.404417,26400,3.3
3.406079,26432,3.3
3.407768,26416,3.3
3.409397,26432,3.3
3.411073,26416,3.3
3.41275,26432,3.3
3.41443,26448,3.31
3.416065,26432,3.3
3.417742,26448,3.31
3.419417,26448,3.3
3.421094,26448,3.31
3.422774,26448,3.3
3.424452,26448,3.31
3.426082,26432,3.31
3.427764,26432,3.31
3.429439,26432,3.31
3.431112,26448,3.3
3.432777,26448,3.31
3.434471,26416,3.3
3.436143,26432,3.3
3.437805,26432,3.31
3.439664,26448,3.3
3.441339,26448,3.31
3.443003,26448,3.31
3.444692,26448,3.31
3.44637,26448,3.3
3.448005,26448,3.31
3.449683,26416,3.3
3.451358,26432,3.31
3.453051,26432,3.3
3.454733,26432,3.3
3.456415,26448,3.31
3.458049,26448,3.3
3.45973,26432,3.31
3.461407,26432,3.31
3.463088,26448,3.31
3.464772,26432,3.3
3.466456,26432,3.3
3.46809,26432,3.3
3.46977,26432,3.3
3.471444,26416,3.3
3.473126,26416,3.31
3.474799,26416,3.3
3.476436,26432,3.3
3.478111,26400,3.3
3.479946,26416,3.3
3.481621,26416,3.3
3.483302,26416,3.3
3.484974,26416,3.3
3.486625,26416,3.3
3.488308,26416,3.3
3.489983,26432,3.3
3.491617,26432,3.3
3.493296,26400,3.3
3.494969,26432,3.31
3.496643,26432,3.3
3.498321,26432,3.3
3.499998,26432,3.3
3.501663,26448,3.3
3.503355,26432,3.3
3.50504,26416,3.3
3.506669,26416,3.3
3.508342,26432,3.3
3.510013,26416,3.3
3.511692,26432,3.3
3.513359,26416,3.31
3.515044,26432,3.31
3.516714,26448,3.31
3.518538,26432,3.3
3.520239,26448,3.3
3.521911,26432,3.31
3.523585,26432,3.31
3.525271,26432,3.3
3.526945,26432,3.3
3.528627,26448,3.3
3.530262,26432,3.3
3.53194,26432,3.3
3.533614,26432,3.3
3.535298,26432,3.3
3.536982,26432,3.31
3.538644,26432,3.3
3.540333,26432,3.31
3.541961,26432,3.31
3.543634,26448,3.3
3.545307,26448,3.3
3.546989,26432,3.31
3.548628,26448,3.31
3.550304,26448,3.31
3.551979,26448,3.31
3.553659,26432,3.31
3.555332,26448,3.31
3.557027,26448,3.31
3.558832,26432,3.31
3.560511,26448,3.3
3.562184,26448,3.3
3.563864,26432,3.31
3.565544,26432,3.3
3.567208,26448,3.3
3.568859,26416,3.3
3.570465,26416,3.3
3.572063,26432,3.3
3.573665,26432,3.3
3.575264,26416,3.3
3.576858,26432,3.3
3.578449,26416,3.3
3.58004,26432,3.3
3.581632,26400,3.3
3.583223,26400,3.3
3.584829,26416,3.3
3.586429,26416,3.3
3.588021,26416,3.3
3.589609,26416,3.3
3.591202,26416,3.3
3.592794,26432,3.3
3.594386,26416,3.3
3.596133,26432,3.31
3.597739,26400,3.3
3.599337,26416,3.3
3.600928,26416,3.3
3.602519,26432,3.3
3.604112,26400,3.3
3.605705,26416,3.3
3.607297,26432,3.3
3.608888,26432,3.3
3.610509,26432,3.3
3.612115,26400,3.3
3.613715,26416,3.31
3.615313,26432,3.3
3.616906,26432,3.31
3.618503,26432,3.31
3.620095,26432,3.31
3.621686,26448,3.3
3.623275,26432,3.31
3.624869,26448,3.3
3.62646,26448,3.3
3.628053,26432,3.3
3.629645,26432,3.31
3.631231,26416,3.3
3.632831,26432,3.3
3.634583,26432,3.3
3.636186,26432,3.31
3.637786,26432,3.3
3.639371,26448,3.31
3.640969,26448,3.3
3.642561,26448,3.3
3.644149,26432,3.31
3.645737,26432,3.3
3.647322,26432,3.31
3.648918,26432,3.31
3.650517,26432,3.31
3.652115,26432,3.31
3.653705,26448,3.31
3.655288,26448,3.3
3.656882,26432,3.31
3.658474,26448,3.3
3.660066,26448,3.3
3.661658,26432,3.31
3.663241,26448,3.31
3.664834,26432,3.3
3.666438,26432,3.31
3.668044,26432,3.31
3.669643,26400,3.3
3.671395,26416,3.3
3.672993,26416,3.31
3.674602,26432,3.3
3.676195,26400,3.3
3.677786,26416,3.3
3.679365,26416,3.3
3.680952,26416,3.3
3.682543,26416,3.3
3.684135,26400,3.3
3.685742,26416,3.3
3.687345,26400,3.3
3.688945,26416,3.3
3.690537,26432,3.3
3.692129,26416,3.3
3.69372,26416,3.3
3.695312,26432,3.3
3.696905,26448,3.3
3.698494,26400,3.3
3.700086,26432,3.3
3.701679,26416,3.3
3.70327,26432,3.3
3.704859,26416,3.3
3.706449,26432,3.3
3.708053,26432,3.3
3.709851,26416,3.3
3.711445,26400,3.3
3.713037,26416,3.3
3.714627,26432,3.31
3.716218,26448,3.31
3.717806,26432,3.31
3.719397,26432,3.3
3.720989,26448,3.3
3.72258,26432,3.31
3.724169,26448,3.3
3.72576,26432,3.31
3.727349,26432,3.31
3.728939,26448,3.31
3.730531,26432,3.31
3.732122,26432,3.31
3.733712,26432,3.3
3.735303,26432,3.31
3.736894,26432,3.3
3.738484,26448,3.31
3.740071,26432,3.31
3.74166,26448,3.31
3.743248,26432,3.31
3.744835,26448,3.31
3.746576,26448,3.31
3.748184,26448,3.3
3.749784,26416,3.3
3.751369,26432,3.3
3.752965,26448,3.3
3.754555,26432,3.31
3.756148,26432,3.31
3.75774,26448,3.31
3.759329,26432,3.31
3.760921,26448,3.31
3.762511,26448,3.3
3.764102,26448,3.3
3.76569,26432,3.31
3.767273,26448,3.3
3.76886,26448,3.3
3.770448,26416,3.3
3.772043,26400,3.3
3.773811,26432,3.3
3.775416,26416,3.3
3.777005,26416,3.3
3.778595,26400,3.3
3.780182,26400,3.3
3.781761,26416,3.3
3.783339,26400,3.3
3.785082,26400,3.3
3.786669,26416,3.3
3.788257,26432,3.3
3.78986,26416,3.3
3.791452,26432,3.3
3.793048,26416,3.3
3.794647,26464,3.3
3.79624,26432,3.3
3.797831,26400,3.3
3.799422,26432,3.31
3.801014,26416,3.3
3.802607,26432,3.3
3.804205,26400,3.3
3.805806,26432,3.3
3.807394,26432,3.3
3.808997,26416,3.3
3.810596,26416,3.3
3.81219,26416,3.3
3.813788,26416,3.31
3.815377,26432,3.31
3.816976,26416,3.31
3.818573,26448,3.3
3.820165,26448,3.31
3.821918,26432,3.31
3.823516,26448,3.3
3.825114,26448,3.3
3.826707,26432,3.3
3.828309,26432,3.31
3.8299,26432,3.31
3.831494,26432,3.3
3.833093,26432,3.31
3.834689,26432,3.3
3.836278,26448,3.3
3.837858,26432,3.31
3.839437,26432,3.31
3.841032,26432,3.3
3.842626,26432,3.3
3.844227,26432,3.31
3.845821,26448,3.3
3.847414,26432,3.3
3.849004,26432,3.31
3.850598,26432,3.3
3.852199,26432,3.3
3.853799,26432,3.31
3.85539,26432,3.3
3.856984,26432,3.3
3.858592,26432,3.3
3.86035,26448,3.31
3.861947,26448,3.31
3.863546,26448,3.31
3.865139,26448,3.3
3.866731,26448,3.31
3.868329,26432,3.3
3.869931,26432,3.3
3.871524,26400,3.3
3.873126,26400,3.31
3.874721,26432,3.3
3.876327,26400,3.3
3.877932,26416,3.3
3.87953,26416,3.3
3.881135,26416,3.3
3.882728,26416,3.3
3.884326,26400,3.3
3.885923,26400,3.3
3.887513,26400,3.3
3.889107,26432,3.3
3.890698,26432,3.3
3.89229,26432,3.3
3.893882,26448,3.3
3.895476,26432,3.31
3.897225,26432,3.3
3.898832,26416,3.3
3.900431,26432,3.3
3.902024,26432,3.3
3.903621,26400,3.3
3.905222,26416,3.3
3.906812,26416,3.3
3.908406,26448,3.3
3.909999,26432,3.31
3.911595,26416,3.3
3.91319,26416,3.31
3.91478,26448,3.31
3.916373,26432,3.31
3.917966,26448,3.3
3.919559,26416,3.31
3.921151,26448,3.31
3.922738,26432,3.31
3.924339,26448,3.3
3.925937,26432,3.3
3.927527,26448,3.31
3.929127,26432,3.31
3.930714,26448,3.3
3.932305,26448,3.31
3.933895,26432,3.31
3.935645,26448,3.31
3.937245,26448,3.31
3.938831,26448,3.31
3.940421,26432,3.3
3.94201,26432,3.3
3.943599,26432,3.3
3.945191,26432,3.3
3.946776,26432,3.3
3.948368,26448,3.3
3.949958,26448,3.3
3.951556,26432,3.31
3.953155,26432,3.3
3.954743,26432,3.3
3.956341,26448,3.31
3.957931,26448,3.31
3.959521,26432,3.3
3.96112,26448,3.3
3.962708,26448,3.31
3.964302,26432,3.3
3.965891,26448,3.3
3.96748,26432,3.3
3.96907,26416,3.3
3.970666,26432,3.3
3.972413,26416,3.3
3.974015,26448,3.3
3.975606,26416,3.3
3.977197,26400,3.3
3.978786,26416,3.3
3.980379,26400,3.3
3.981969,26416,3.3
3.983558,26400,3.3
3.985148,26432,3.3
3.986737,26416,3.3
3.988336,26400,3.3
3.989934,26416,3.3
3.991524,26416,3.3
3.993126,26416,3.3
3.994718,26432,3.3
3.996308,26448,3.31
3.997899,26400,3.3
3.999492,26416,3.3
4.001084,26416,3.3
4.002674,26432,3.3
4.004267,26448,3.3
4.005859,26432,3.31
4.00745,26400,3.3
4.009043,26432,3.3
4.010787,26432,3.3
4.01238,26416,3.3
4.013972,26416,3.3
4.015563,26432,3.3
4.017153,26432,3.3
4.01874,26432,3.3
4.020339,26448,3.3
4.021928,26416,3.3
4.023524,26448,3.31
4.025126,26448,3.31
4.026723,26448,3.31
4.028321,26432,3.31
4.029919,26448,3.31
4.031509,26432,3.31
4.033104,26432,3.31
4.034703,26448,3.31
4.036296,26432,3.3
4.037891,26432,3.31
4.039485,26416,3.31
4.041081,26448,3.3
4.042671,26432,3.31
4.044264,26448,3.31
4.045858,26448,3.3
4.047608,26432,3.31
4.04921,26432,3.31
4.050799,26432,3.3
4.05239,26416,3.31
4.053979,26448,3.3
4.055572,26448,3.3
4.05717,26432,3.3
4.058761,26432,3.31
4.060354,26432,3.31
4.061946,26448,3.31
4.063541,26448,3.31
4.065136,26448,3.31
4.066729,26432,3.3
4.068326,26432,3.3
4.069922,26416,3.3
4.071517,26416,3.3
4.073111,26416,3.31
4.074702,26416,3.3
4.076305,26416,3.3
4.077905,26432,3.3
4.079509,26432,3.3
4.081112,26416,3.3
4.082704,26416,3.3
4.084298,26400,3.3
4.086047,26432,3.3
4.087645,26400,3.31
4.089229,26416,3.3
4.090817,26416,3.3
4.092408,26448,3.3
4.093996,26448,3.3
4.095584,26416,3.31
4.097174,26432,3.3
4.098763,26416,3.3
4.10036,26416,3.3
4.101951,26432,3.3
4.103551,26400,3.3
4.105148,26416,3.3
4.106742,26448,3.3
4.108339,26432,3.31
4.109933,26432,3.3
4.111525,26416,3.3
4.113126,26400,3.3
4.114717,26448,3.3
4.116308,26448,3.31
4.117899,26448,3.31
4.11949,26448,3.31
4.121083,26448,3.31
4.122821,26448,3.31
4.124418,26448,3.31
4.126014,26432,3.3
4.127606,26432,3.3
4.129199,26432,3.3
4.130789,26432,3.3
4.132388,26432,3.31
4.133984,26448,3.31
4.135576,26448,3.31
4.137165,26432,3.31
4.138752,26432,3.3
4.140344,26432,3.31
4.141933,26432,3.31
4.143524,26432,3.3
4.145127,26432,3.3
4.146714,26432,3.31
4.148305,26448,3.31
4.149898,26448,3.31
4.151488,26448,3.31
4.153081,26432,3.31
4.154665,26448,3.3
4.156256,26448,3.31
4.157846,26432,3.31
4.159434,26432,3.3
4.161222,26432,3.31
4.162816,26432,3.31
4.164399,26448,3.31
4.16599,26448,3.3
4.167582,26448,3.3
4.169174,26416,3.3
4.170763,26448,3.3
4.172354,26400,3.3
4.173949,26448,3.3
4.175568,26416,3.3
4.177176,26400,3.3
4.178774,26416,3.3
4.180366,26432,3.3
4.181959,26416,3.3
4.183558,26416,3.3
4.185154,26416,3.3
4.186743,26416,3.3
4.188342,26416,3.3
4.189933,26416,3.3
4.191524,26416,3.3
4.193123,26432,3.31
4.194713,26432,3.3
4.196304,26432,3.31
4.202496,26416,3.3
4.204163,26416,3.3
4.205768,26432,3.3
4.207366,26432,3.3
4.208981,26432,3.31
4.210583,26432,3.3
4.212196,26416,3.3
4.213795,26448,3.31
4.215392,26448,3.31
4.216996,26448,3.31
4.218598,26432,3.3
4.220199,26448,3.3
4.221802,26448,3.31
4.223394,26448,3.31
4.224993,26432,3.31
4.226585,26448,3.31
4.228182,26448,3.31
4.229768,26448,3.3
4.231362,26448,3.31
4.232959,26432,3.3
4.234552,26448,3.31
4.236145,26448,3.3
4.237726,26448,3.31
4.239322,26432,3.31
4.240916,26448,3.31
4.24251,26432,3.31
4.244104,26432,3.31
4.245695,26448,3.31
4.247289,26400,3.3
4.248884,26384,3.3
4.250478,26400,3.3
4.25207,26400,3.3
4.253656,26384,3.3
4.255247,26400,3.3
4.256841,26400,3.3
4.258434,26400,3.3
4.260036,26384,3.3
4.261634,26400,3.3
4.263227,26400,3.3
4.264828,26416,3.3
4.266426,26400,3.3
4.268024,26400,3.3
4.26961,26384,3.3
4.2712,26400,3.3
4.27279,26400,3.3
4.274495,26400,3.3
4.276113,26384,3.3
4.277719,26400,3.3
4.279314,26384,3.3
4.280905,26384,3.3
4.282496,26384,3.3
4.284089,26384,3.3
4.285683,26384,3.3
4.287275,26400,3.3
4.288874,26384,3.3
4.290466,26384,3.3
4.292058,26400,3.3
4.293649,26400,3.3
4.295242,26400,3.3
4.296835,26384,3.3
4.298427,26384,3.3
4.300027,26400,3.3
4.301626,26400,3.3
4.30322,26400,3.3
4.304828,26400,3.3
4.30642,26416,3.3
4.308013,26416,3.3
4.309607,26400,3.3
4.311199,26400,3.3
4.312964,26400,3.3
4.314563,26400,3.3
4.316154,26400,3.3
4.317741,26400,3.3
4.319335,26416,3.3
4.320932,26384,3.3
4.322524,26400,3.3
4.324117,26400,3.3
4.325708,26384,3.3
4.327299,26416,3.3
4.32889,26384,3.3
4.330483,26400,3.3
4.332074,26432,3.31
4.333667,26448,3.31
4.335261,26432,3.31
4.336853,26448,3.3
4.338445,26448,3.3
4.340047,26432,3.31
4.341714,26432,3.31
4.343414,26448,3.3
4.345097,26448,3.31
4.346781,26448,3.3
4.348467,26432,3.3
4.350284,26432,3.31
4.351966,26448,3.31
4.353645,26432,3.3
4.35533,26432,3.3
4.356981,26432,3.31
4.358586,26432,3.3
4.360196,26432,3.3
4.361798,26432,3.3
4.363402,26448,3.3
4.365003,26432,3.3
4.3666,26432,3.31
4.368203,26448,3.31
4.369808,26416,3.3
4.371409,26448,3.3
4.373004,26416,3.3
4.374597,26432,3.3
4.3762,26432,3.31
4.377805,26416,3.3
4.379401,26432,3.3
4.381003,26400,3.3
4.3826,26416,3.3
4.384201,26416,3.3
4.385801,26416,3.3
4.387395,26416,3.3
4.389166,26416,3.3
4.390764,26400,3.3
4.392359,26432,3.3
4.393959,26448,3.3
4.395556,26448,3.3
4.397153,26416,3.3
4.398744,26416,3.31
4.400343,26416,3.3
4.401934,26432,3.3
4.403528,26400,3.3
4.40513,26416,3.3
4.406726,26432,3.3
4.408327,26416,3.3
4.409927,26432,3.3
4.411521,26416,3.3
4.413124,26416,3.3
4.414715,26432,3.31
4.416307,26448,3.3
4.417899,26432,3.31
4.419489,26432,3.31
4.421081,26448,3.31
4.422667,26448,3.31
4.424261,26432,3.3
4.426024,26448,3.3
4.427624,26432,3.3
4.429216,26432,3.3
4.430803,26432,3.31
4.432396,26432,3.31
4.433988,26432,3.31
4.435578,26448,3.31
4.437169,26432,3.31
4.438763,26432,3.31
4.440355,26432,3.3
4.441946,26448,3.31
4.443544,26448,3.31
4.445137,26432,3.3
4.446727,26448,3.3
4.448324,26432,3.3
4.449915,26448,3.31
4.451506,26432,3.3
4.453092,26448,3.31
4.454684,26432,3.31
4.456277,26432,3.3
4.457868,26448,3.31
4.459457,26448,3.3
4.461044,26432,3.31
4.46265,26432,3.31
4.464425,26448,3.3
4.466023,26432,3.31
4.467617,26448,3.31
4.469203,26416,3.3
4.470794,26416,3.31
4.472386,26416,3.3
4.473976,26448,3.3
4.475571,26416,3.3
4.477157,26432,3.3
4.478749,26432,3.3
4.480342,26432,3.3
4.481934,26432,3.3
4.483525,26416,3.3
4.485126,26416,3.3
4.486718,26416,3.3
4.488312,26400,3.3
4.489902,26400,3.3
4.491493,26432,3.3
4.493078,26400,3.31
4.49467,26448,3.31
4.496272,26432,3.31
4.497871,26432,3.3
4.499461,26432,3.3
4.501214,26432,3.3
4.502816,26432,3.3
4.50441,26416,3.3
4.506002,26432,3.3
4.507592,26400,3.3
4.509171,26432,3.3
4.51075,26432,3.3
4.512371,26400,3.3
4.513971,26432,3.31
4.51557,26432,3.31
4.517156,26448,3.31
4.518749,26432,3.31
4.520341,26448,3.3
4.521933,26448,3.31
4.523524,26432,3.3
4.525121,26448,3.3
4.526714,26448,3.31
4.528305,26432,3.31
4.529896,26432,3.31
4.531485,26448,3.3
4.533073,26448,3.31
4.534666,26432,3.31
4.536258,26416,3.3
4.537849,26448,3.31
4.539603,26448,3.31
4.541195,26448,3.31
4.542786,26432,3.31
4.544378,26464,3.31
4.545972,26448,3.31
4.547564,26432,3.31
4.549153,26432,3.31
4.550745,26432,3.3
4.552343,26448,3.3
4.553935,26432,3.31
4.555524,26448,3.31
4.557121,26448,3.31
4.558712,26432,3.31
4.560306,26448,3.3
4.561897,26432,3.31
4.563487,26448,3.31
4.565079,26448,3.3
4.56667,26448,3.31
4.568264,26432,3.3
4.569859,26432,3.3
4.571451,26448,3.3
4.573035,26416,3.3
4.574625,26432,3.3
4.576376,26400,3.3
4.577974,26416,3.3
4.579574,26416,3.3
4.581166,26400,3.3
4.582758,26416,3.3
4.584349,26416,3.3
4.585939,26416,3.3
4.587531,26416,3.3
4.589136,26416,3.3
4.59073,26400,3.3
4.592326,26416,3.3
4.593917,26448,3.3
4.595507,26432,3.3
4.597098,26432,3.3
4.598691,26416,3.3
4.600284,26432,3.3
4.601873,26432,3.3
4.603462,26432,3.3
4.605051,26416,3.31
4.606644,26432,3.3
4.608237,26432,3.31
4.609828,26448,3.3
4.611419,26416,3.3
4.61301,26400,3.3
4.614763,26448,3.3
4.616362,26448,3.31
4.617953,26448,3.31
4.619552,26464,3.31
4.621143,26448,3.31
4.622736,26432,3.31
4.624334,26448,3.31
4.625924,26448,3.31
4.627516,26448,3.31
4.629107,26448,3.3
4.630697,26448,3.31
4.632288,26448,3.31
4.633878,26432,3.31
4.635467,26448,3.31
4.637053,26448,3.31
4.638643,26448,3.3
4.640235,26448,3.31
4.641825,26432,3.31
4.643415,26448,3.31
4.645005,26448,3.3
4.646593,26448,3.31
4.648187,26448,3.31
4.64978,26464,3.31
4.651571,26448,3.31
4.653166,26448,3.31
4.654758,26464,3.31
4.656351,26448,3.3
4.657948,26448,3.31
4.659541,26432,3.31
4.661137,26432,3.31
4.662729,26432,3.3
4.664333,26448,3.31
4.665927,26432,3.31
4.66752,26448,3.3
4.669118,26416,3.3
4.670711,26416,3.3
4.672304,26400,3.3
4.673896,26416,3.31
4.67549,26400,3.3
4.677081,26416,3.3
4.678673,26416,3.3
4.680266,26416,3.31
4.68186,26432,3.3
4.683451,26416,3.3
4.68504,26416,3.3
4.686631,26400,3.3
4.688237,26400,3.3
4.690006,26416,3.3
4.691604,26432,3.3
4.693189,26416,3.31
4.694781,26432,3.3
4.696371,26432,3.3
4.69796,26416,3.3
4.699557,26432,3.3
4.701139,26416,3.3
4.702719,26416,3.3
4.704311,26416,3.3
4.705908,26448,3.3
4.707498,26416,3.3
4.709087,26432,3.3
4.710681,26432,3.3
4.712277,26400,3.3
4.713868,26416,3.31
4.715459,26448,3.31
4.717047,26416,3.3
4.71864,26448,3.3
4.720232,26432,3.3
4.721824,26432,3.3
4.723415,26448,3.31
4.725005,26448,3.31
4.726758,26448,3.31
4.728358,26448,3.31
4.72995,26448,3.31
4.731548,26448,3.31
4.733139,26448,3.31
4.734731,26432,3.3
4.736329,26432,3.3
4.737919,26448,3.3
4.739511,26448,3.31
4.741103,26432,3.31
4.742696,26448,3.31
4.744288,26432,3.31
4.74588,26432,3.31
4.747474,26416,3.3
4.749061,26448,3.31
4.75065,26432,3.31
4.752239,26448,3.31
4.753829,26448,3.31
4.755418,26432,3.31
4.757009,26448,3.3
4.758601,26448,3.3
4.760197,26432,3.3
4.761793,26432,3.3
4.763382,26432,3.31
4.765133,26448,3.3
4.766724,26432,3.3
4.768321,26448,3.3
4.769918,26416,3.3
4.77151,26448,3.3
4.773102,26416,3.3
4.774745,26432,3.3
4.776349,26400,3.3
4.777938,26416,3.3
4.779521,26432,3.3
4.781107,26432,3.3
4.782688,26416,3.3
4.78427,26432,3.3
4.78585,26416,3.3
4.787429,26416,3.3
4.789009,26432,3.3
4.790588,26416,3.31
4.792174,26448,3.3
4.793774,26416,3.31
4.795368,26432,3.3
4.796962,26416,3.31
4.798554,26416,3.3
4.800145,26432,3.3
4.801906,26416,3.3
4.803503,26400,3.3
4.805101,26432,3.3
4.806695,26432,3.3
4.808288,26400,3.31
4.809884,26400,3.3
4.811475,26432,3.3
4.813067,26416,3.3
4.81466,26432,3.31
4.816254,26448,3.3
4.817847,26432,3.31
4.819437,26448,3.31
4.82103,26432,3.3
4.822622,26432,3.3
4.824215,26432,3.3
4.825808,26432,3.3
4.827403,26432,3.31
4.828993,26448,3.31
4.830586,26432,3.31
4.832185,26448,3.3
4.833783,26448,3.31
4.835375,26448,3.3
4.836969,26448,3.3
4.838561,26448,3.31
4.840327,26432,3.3
4.841925,26432,3.31
4.843515,26432,3.31
4.845109,26432,3.31
4.846703,26448,3.31
4.848297,26432,3.31
4.849887,26432,3.31
4.85148,26448,3.31
4.853067,26432,3.3
4.854658,26448,3.3
4.856249,26448,3.31
4.857843,26448,3.31
4.859437,26432,3.31
4.861016,26448,3.3
4.862598,26448,3.3
4.864212,26448,3.31
4.865812,26432,3.31
4.867405,26432,3.3
4.868997,26416,3.3
4.870592,26416,3.3
4.872192,26400,3.3
4.873791,26416,3.3
4.875394,26416,3.3
4.877147,26416,3.3
4.878745,26416,3.3
4.88035,26416,3.3
4.881948,26416,3.3
4.883547,26400,3.3
4.885145,26400,3.3
4.886735,26416,3.3
4.888333,26416,3.3
4.889932,26416,3.3
4.891524,26448,3.3
4.893126,26416,3.31
4.894719,26448,3.31
4.896312,26416,3.3
4.897902,26432,3.3
4.899494,26432,3.3
4.901088,26416,3.3
4.902673,26432,3.31
4.904267,26416,3.3
4.905858,26432,3.31
4.907451,26432,3.3
4.909061,26448,3.31
4.910652,26416,3.3
4.912244,26416,3.3
4.913835,26400,3.31
4.915593,26432,3.3
4.917193,26432,3.31
4.918779,26432,3.31
4.92037,26432,3.3
4.921962,26432,3.31
4.923558,26448,3.31
4.925152,26432,3.3
4.92674,26464,3.31
4.92834,26432,3.3
4.929939,26432,3.3
4.931531,26432,3.31
4.933133,26432,3.31
4.934721,26432,3.31
4.936313,26448,3.31
4.937907,26432,3.3
4.9395,26432,3.31
4.94109,26448,3.3
4.942678,26432,3.3
4.944271,26432,3.31
4.945862,26416,3.3
4.947452,26432,3.31
4.949044,26448,3.31
4.950629,26448,3.3
4.952384,26432,3.31
4.953988,26432,3.31
4.955582,26432,3.3
4.957174,26432,3.3
4.958762,26432,3.31
4.960355,26432,3.3
4.961948,26448,3.3
4.963544,26432,3.3
4.965134,26448,3.31
4.966725,26432,3.31
4.968322,26448,3.3
4.969914,26432,3.3
4.971506,26448,3.3
4.973093,26432,3.3
4.974685,26432,3.3
4.976278,26400,3.3
4.97787,26400,3.3
4.979462,26416,3.3
4.981056,26432,3.31
4.982647,26416,3.3
4.984238,26416,3.3
4.985826,26400,3.3
4.987416,26416,3.3
4.989006,26416,3.3
4.990762,26432,3.3
4.992358,26432,3.3
4.993945,26432,3.3
4.99554,26448,3.3
4.997132,26448,3.3
4.998723,26400,3.3
5.000315,26432,3.3
5.001909,26416,3.3
5.003501,26448,3.3
5.005099,26400,3.3
5.006693,26416,3.3
5.008293,26432,3.31
5.009886,26416,3.3
5.011478,26432,3.3
5.013069,26400,3.3
5.01466,26416,3.31
5.01625,26448,3.31
5.017842,26448,3.3
5.019435,26432,3.3
5.021027,26432,3.3
5.022619,26432,3.31
5.024208,26448,3.31
5.025797,26432,3.31
5.027551,26432,3.31
5.029149,26432,3.31
5.03074,26464,3.31
5.03234,26432,3.31
5.033931,26448,3.3
5.035524,26448,3.3
5.037122,26432,3.31
5.038714,26432,3.31
5.040306,26432,3.3
5.041898,26432,3.31
5.043489,26448,3.31
5.045076,26448,3.31
5.046666,26432,3.3
5.048259,26448,3.3
5.049848,26448,3.31
5.051439,26448,3.3
5.053031,26432,3.3
5.054624,26432,3.31
5.056214,26432,3.3
5.057805,26432,3.3
5.059395,26448,3.3
5.060982,26448,3.31
5.062573,26432,3.3
5.064164,26448,3.3
5.065918,26432,3.3
5.067517,26432,3.31
5.069116,26416,3.3
5.070709,26432,3.3
5.072302,26416,3.3
5.073891,26416,3.3
5.075484,26432,3.3
5.077076,26416,3.3
5.07867,26432,3.3
5.080264,26416,3.3
5.081855,26432,3.3
5.083446,26416,3.3
5.085036,26416,3.3
5.086626,26400,3.3
5.088219,26432,3.31
5.08981,26432,3.3
5.091401,26432,3.3
5.092992,26432,3.3
5.094584,26448,3.3
5.096183,26416,3.3
5.097773,26432,3.3
5.099379,26416,3.3
5.100974,26432,3.3
5.102759,26432,3.3
5.104357,26416,3.3
5.105949,26400,3.3
5.107541,26416,3.3
5.109135,26432,3.3
5.110728,26416,3.3
5.112324,26400,3.3
5.113914,26416,3.3
5.115506,26448,3.31
5.117092,26448,3.31
5.118683,26432,3.3
5.120275,26448,3.31
5.121865,26432,3.3
5.123458,26432,3.31
5.125051,26448,3.3
5.126648,26448,3.3
5.128242,26448,3.31
5.129832,26448,3.31
5.131423,26432,3.3
5.13301,26432,3.31
5.134601,26448,3.3
5.136203,26448,3.31
5.1378,26448,3.31
5.139392,26432,3.3
5.14115,26432,3.3
5.142744,26432,3.31
5.144342,26432,3.31
5.145936,26416,3.31
5.14753,26432,3.3
5.14913,26448,3.31
5.150723,26432,3.31
5.152342,26432,3.31
5.153943,26448,3.31
5.155538,26432,3.3
5.15713,26448,3.3
5.158721,26448,3.31
5.160311,26432,3.31
5.161902,26448,3.31
5.163494,26448,3.31
5.165083,26432,3.31
5.166675,26432,3.31
5.168266,26448,3.31
5.169861,26416,3.3
5.17145,26448,3.3
5.173038,26416,3.3
5.174628,26448,3.3
5.17622,26416,3.3
5.177979,26400,3.31
5.179578,26416,3.3
5.181172,26432,3.3
5.182763,26400,3.3
5.184356,26416,3.3
5.185946,26416,3.3
5.187542,26416,3.3
5.189139,26416,3.3
5.190731,26432,3.3
5.192328,26416,3.3
5.193921,26416,3.3
5.195513,26416,3.3
5.197107,26416,3.31
5.198701,26432,3.3
5.200294,26432,3.3
5.201884,26400,3.3
5.203474,26416,3.3
5.205064,26416,3.3
5.206654,26416,3.31
5.208243,26432,3.3
5.209831,26400,3.31
5.211422,26432,3.3
5.213007,26400,3.3
5.214597,26416,3.3
5.216356,26448,3.31
5.217955,26432,3.3
5.219556,26432,3.31
5.221149,26432,3.3
5.222742,26432,3.31
5.224339,26432,3.31
5.22593,26448,3.3
5.227525,26448,3.31
5.229126,26432,3.31
5.230719,26448,3.3
5.23231,26448,3.31
5.2339,26432,3.31
5.235489,26448,3.31
5.237077,26432,3.3
5.238672,26448,3.31
5.240261,26448,3.31
5.241842,26448,3.3
5.243419,26448,3.3
5.244995,26448,3.3
5.246582,26432,3.3
5.248171,26432,3.3
5.249759,26432,3.3
5.251349,26448,3.3
5.253091,26448,3.31
5.254692,26432,3.31
5.256282,26448,3.31
5.257871,26432,3.31
5.25946,26448,3.31
5.261043,26448,3.31
5.262619,26432,3.3
5.264207,26432,3.31
5.265802,26448,3.31
5.26739,26432,3.31
5.268987,26432,3.3
5.270576,26416,3.3
5.272165,26432,3.3
5.27375,26432,3.31
5.275466,26400,3.3
5.277076,26416,3.3
5.278674,26416,3.3
5.280264,26416,3.3
5.281863,26416,3.3
5.283461,26416,3.3
5.28505,26416,3.3
5.286636,26416,3.3
5.288238,26416,3.31
5.289827,26432,3.3
5.29164,26432,3.3
5.293231,26432,3.3
5.294814,26432,3.31
5.296398,26416,3.3
5.29798,26448,3.3
5.299562,26416,3.3
5.301144,26448,3.3
5.302721,26432,3.31
5.304308,26432,3.3
5.305906,26416,3.3
5.307497,26416,3.3
5.309089,26432,3.3
5.310687,26416,3.31
5.312315,26416,3.3
5.313919,26416,3.3
5.31552,26448,3.31
5.31713,26448,3.31
5.318732,26432,3.31
5.320334,26432,3.31
5.321934,26432,3.31
5.323529,26432,3.31
5.325134,26432,3.31
5.326734,26448,3.31
5.328501,26448,3.31
5.330098,26448,3.31
5.331696,26448,3.31
5.333295,26448,3.31
5.334888,26448,3.31
5.336487,26448,3.31
5.338075,26464,3.31
5.339666,26448,3.31
5.341259,26448,3.31
5.34285,26432,3.31
5.344442,26448,3.31
5.346034,26448,3.3
5.347626,26448,3.31
5.349218,26432,3.31
5.350809,26448,3.31
5.352401,26416,3.31
5.353985,26448,3.31
5.355576,26448,3.31
5.357167,26448,3.31
5.358757,26432,3.3
5.360351,26432,3.31
5.361936,26448,3.31
5.363538,26448,3.31
5.365134,26448,3.3
5.366893,26432,3.31
5.368496,26448,3.3
5.370082,26400,3.3
5.371672,26448,3.3
5.373252,26416,3.3
5.374829,26448,3.3
5.37642,26416,3.3
5.378015,26400,3.3
5.379606,26432,3.3
5.3812,26432,3.3
5.382794,26400,3.3
5.384385,26400,3.3
5.385972,26416,3.3
5.387565,26416,3.3
5.389159,26416,3.3
5.390753,26432,3.31
5.392346,26416,3.31
5.393936,26432,3.3
5.395529,26416,3.3
5.397131,26432,3.3
5.398722,26400,3.3
5.400315,26416,3.3
5.401901,26416,3.3
5.403652,26400,3.3
5.405251,26432,3.3
5.406842,26416,3.3
5.408433,26432,3.31
5.410019,26432,3.3
5.411609,26432,3.3
5.413199,26400,3.3
5.414788,26416,3.31
5.416379,26448,3.31
5.417969,26432,3.31
5.419563,26448,3.31
5.421155,26432,3.3
5.422798,26448,3.31
5.424467,26432,3.3
5.42615,26448,3.3
5.427826,26416,3.3
5.429465,26432,3.3
5.431144,26432,3.3
5.432822,26432,3.3
5.434495,26432,3.31
5.43617,26448,3.31
5.437849,26432,3.3
5.439519,26448,3.3
5.441216,26448,3.3
5.443027,26432,3.31
5.444626,26432,3.31
5.44622,26448,3.31
5.44782,26432,3.31
5.449414,26448,3.31
5.451014,26432,3.31
5.452609,26432,3.3
5.454206,26448,3.3
5.4558,26432,3.3
5.457392,26448,3.3
5.458987,26448,3.3
5.460583,26448,3.3
5.462176,26432,3.31
5.463772,26448,3.31
5.465375,26432,3.3
5.466968,26448,3.31
5.468556,26448,3.3
5.470148,26400,3.3
5.471741,26432,3.3
5.473333,26432,3.3
5.474926,26432,3.3
5.476515,26416,3.3
5.478108,26400,3.3
5.479873,26432,3.3
5.481472,26416,3.3
5.483081,26416,3.3
5.484674,26432,3.3
5.486265,26400,3.3
5.487862,26416,3.3
5.489459,26416,3.3
5.491053,26432,3.3
5.492653,26416,3.3
5.494248,26432,3.3
5.495843,26448,3.3
5.497433,26432,3.3
5.499023,26416,3.3
5.500613,26432,3.3
5.502205,26416,3.3
5.503798,26432,3.3
5.50539,26400,3.3
5.50698,26432,3.3
5.508568,26432,3.31
5.510159,26432,3.3
5.51176,26432,3.3
5.513358,26400,3.3
5.51495,26432,3.31
5.516541,26448,3.31
5.518301,26432,3.31
5.519902,26448,3.3
5.52149,26432,3.3
5.523077,26448,3.3
5.524666,26432,3.31
5.526258,26448,3.31
5.527857,26448,3.31
5.529458,26432,3.31
5.53105,26448,3.31
5.532639,26448,3.3
5.53422,26448,3.3
5.535807,26448,3.31
5.537409,26448,3.31
5.539003,26448,3.3
5.540595,26464,3.31
5.542187,26448,3.31
5.543777,26448,3.31
5.545368,26432,3.31
5.546959,26432,3.3
5.548547,26432,3.3
5.550137,26448,3.3
5.551728,26448,3.31
5.553319,26448,3.31
5.555103,26432,3.31
5.556698,26448,3.31
5.558288,26432,3.31
5.559879,26432,3.31
5.56147,26448,3.31
5.563061,26448,3.31
5.564658,26448,3.31
5.566251,26432,3.31
5.567844,26448,3.31
5.569436,26432,3.3
5.571028,26416,3.31
5.572615,26432,3.3
5.574204,26416,3.31
5.575793,26400,3.3
5.577386,26416,3.3
5.578977,26432,3.3
5.580565,26432,3.3
5.582155,26416,3.3
5.583748,26416,3.3
5.585337,26416,3.3
5.586927,26432,3.3
5.588515,26400,3.3
5.590106,26416,3.3
5.591703,26432,3.3
5.593461,26432,3.3
5.595059,26448,3.3
5.596656,26400,3.3
5.598248,26448,3.3
5.599841,26432,3.3
5.601433,26432,3.3
5.603025,26448,3.3
5.604617,26416,3.3
5.60621,26416,3.3
5.6078,26416,3.3
5.609391,26432,3.3
5.610982,26416,3.31
5.612571,26400,3.3
5.614163,26416,3.3
5.615756,26448,3.31
5.617346,26448,3.31
5.618935,26448,3.3
5.620525,26448,3.3
5.622115,26448,3.31
5.62371,26448,3.31
5.625301,26432,3.31
5.626891,26448,3.31
5.628484,26432,3.31
5.630232,26448,3.31
5.631833,26448,3.31
5.633424,26448,3.31
5.635015,26448,3.31
5.636601,26448,3.31
5.638193,26432,3.3
5.639783,26432,3.31
5.641374,26432,3.3
5.642964,26432,3.31
5.644556,26448,3.3
5.646148,26432,3.31
5.647742,26432,3.3
5.649336,26432,3.31
5.650929,26464,3.31
5.652516,26432,3.31
5.654106,26432,3.3
5.655704,26448,3.31
5.657296,26448,3.31
5.658886,26432,3.31
5.660475,26448,3.31
5.662055,26432,3.31
5.663636,26432,3.3
5.665235,26448,3.31
5.666829,26448,3.31
5.668595,26448,3.3
5.670189,26416,3.3
5.671782,26432,3.3
5.673375,26400,3.3
5.674963,26432,3.3
5.676551,26416,3.3
5.678144,26416,3.3
5.679737,26448,3.3
5.681329,26432,3.3
5.682926,26416,3.3
5.684514,26400,3.3
5.686106,26400,3.3
5.687703,26416,3.3
5.689302,26416,3.3
5.690893,26416,3.31
5.69249,26432,3.31
5.694083,26448,3.3
5.695675,26448,3.3
5.697265,26432,3.3
5.698855,26416,3.3
5.70044,26432,3.3
5.70203,26416,3.3
5.703625,26432,3.3
5.705385,26432,3.3
5.706984,26432,3.3
5.70857,26416,3.31
5.710161,26432,3.3
5.711752,26448,3.3
5.713341,26416,3.3
5.714932,26432,3.31
5.716519,26448,3.31
5.718111,26432,3.3
5.719708,26448,3.31
5.721301,26432,3.31
5.722891,26432,3.31
5.724477,26448,3.3
5.726057,26432,3.31
5.727637,26432,3.3
5.729241,26448,3.3
5.73083,26448,3.31
5.732417,26432,3.3
5.734011,26432,3.31
5.735603,26432,3.3
5.737194,26448,3.31
5.738787,26432,3.3
5.740373,26432,3.31
5.741964,26432,3.31
5.743722,26448,3.31
5.74532,26432,3.3
5.74691,26432,3.3
5.748498,26432,3.3
5.750088,26432,3.31
5.751678,26416,3.3
5.753268,26432,3.31
5.754858,26448,3.3
5.756448,26432,3.31
5.75804,26432,3.31
5.759635,26432,3.3
5.761224,26432,3.3
5.762815,26432,3.31
5.764399,26448,3.31
5.765988,26432,3.3
5.767577,26448,3.3
5.769164,26448,3.3
5.770755,26416,3.3
5.772342,26432,3.3
5.773935,26432,3.3
5.775683,26416,3.3
5.777284,26400,3.3
5.778872,26416,3.3
5.780618,26416,3.3
5.78221,26416,3.3
5.7838,26416,3.3
5.785388,26400,3.3
5.786965,26400,3.3
5.788559,26400,3.3
5.790157,26416,3.3
5.79175,26432,3.3
5.793344,26432,3.3
5.794938,26400,3.3
5.79653,26416,3.31
5.798123,26432,3.3
5.799725,26416,3.3
5.801323,26416,3.3
